order_id,product_id,quantity,unit_price,line_total
115256,19,2,1.65,3.30
216364,20,4,1.77,7.08
240528,12,5,0.60,3.00
240528,29,5,3.84,19.20
240528,31,5,3.36,16.80
240528,32,4,0.99,3.96
251537,12,2,0.60,1.20
251537,31,4,3.36,13.44
337782,3,4,6.79,27.16
337782,12,2,0.60,1.20
359926,2,3,8.50,25.50
359926,30,4,1.32,5.28
398725,3,3,6.79,20.37
398725,12,1,0.60,0.60
398725,29,1,3.84,3.84
398725,35,5,9.07,45.35
578900,6,1,7.30,7.30
578900,15,3,5.26,15.78
578900,33,2,1.03,2.06
627264,1,5,3.26,16.30
627264,13,3,1.21,3.63
627264,14,1,6.94,6.94
627264,34,5,3.99,19.95
670827,2,4,8.50,34.00
670827,5,3,0.79,2.37
670827,10,1,7.64,7.64
670827,15,2,5.26,10.52
695562,15,4,5.26,21.04
695562,20,1,1.77,1.77
695562,30,3,1.32,3.96
765111,3,5,6.79,33.95
765111,7,5,5.78,28.90
765111,19,1,1.65,1.65
1202520,3,3,6.79,20.37
1202520,7,4,5.78,23.12
1202520,30,3,1.32,3.96
1243642,17,5,8.12,40.60
1305331,11,5,5.99,29.95
1305331,14,4,6.94,27.76
1305331,32,4,0.99,3.96
1305331,35,1,9.07,9.07
1328158,18,3,6.95,20.85
1328158,30,4,1.32,5.28
1346381,21,1,3.42,3.42
1420277,1,2,3.26,6.52
1429015,12,3,0.60,1.80
1429015,18,4,6.95,27.80
1429015,25,4,4.99,19.96
1442189,21,4,3.42,13.68
1442189,22,1,1.50,1.50
1534725,13,1,1.21,1.21
1534725,26,1,6.39,6.39
1534725,31,4,3.36,13.44
1593545,32,2,0.99,1.98
1595596,9,3,0.84,2.52
1954526,6,3,7.30,21.90
1954526,14,3,6.94,20.82
1954526,33,4,1.03,4.12
1992222,3,5,6.79,33.95
1992222,7,5,5.78,28.90
1992222,12,1,0.60,0.60
1992222,27,2,3.98,7.96
2004389,2,5,8.50,42.50
2263704,2,3,8.50,25.50
2263704,4,2,3.62,7.24
2263704,17,1,8.12,8.12
2263704,32,2,0.99,1.98
2265761,19,4,1.65,6.60
2265761,24,2,5.32,10.64
2265761,29,3,3.84,11.52
2322427,7,3,5.78,17.34
2346702,3,2,6.79,13.58
2346702,6,1,7.30,7.30
2346702,17,4,8.12,32.48
2346702,22,4,1.50,6.00
2346702,34,3,3.99,11.97
2426448,21,1,3.42,3.42
2426448,35,3,9.07,27.21
2442411,11,4,5.99,23.96
2442411,22,5,1.50,7.50
2524315,11,5,5.99,29.95
2524315,12,3,0.60,1.80
2524315,13,1,1.21,1.21
2524315,15,1,5.26,5.26
2773812,2,3,8.50,25.50
2773812,3,3,6.79,20.37
2918248,26,3,6.39,19.17
2918248,33,5,1.03,5.15
2970051,21,2,3.42,6.84
3294402,9,5,0.84,4.20
3294402,13,5,1.21,6.05
3294402,32,1,0.99,0.99
3372059,11,2,5.99,11.98
3372059,12,3,0.60,1.80
3372059,26,4,6.39,25.56
3372059,30,2,1.32,2.64
3416770,6,1,7.30,7.30
3420980,14,4,6.94,27.76
3505687,28,2,6.81,13.62
3524596,8,2,5.13,10.26
3524596,15,3,5.26,15.78
3524596,21,5,3.42,17.10
3524596,23,1,9.05,9.05
3524596,28,3,6.81,20.43
3733474,14,4,6.94,27.76
3733474,18,1,6.95,6.95
3733474,19,2,1.65,3.30
3736505,15,3,5.26,15.78
3736505,16,1,8.33,8.33
3736505,24,2,5.32,10.64
3736505,32,2,0.99,1.98
3933933,20,5,1.77,8.85
3933933,25,2,4.99,9.98
3933933,36,2,1.84,3.68
4003839,12,5,0.60,3.00
4003839,20,2,1.77,3.54
4003839,24,2,5.32,10.64
4058120,6,5,7.30,36.50
4058120,7,4,5.78,23.12
4058120,24,1,5.32,5.32
4227718,35,5,9.07,45.35
4290065,30,4,1.32,5.28
4678427,28,2,6.81,13.62
4678427,30,5,1.32,6.60
4782030,15,1,5.26,5.26
4782030,34,3,3.99,11.97
4928565,8,2,5.13,10.26
4928565,12,1,0.60,0.60
4928565,20,2,1.77,3.54
4928565,26,5,6.39,31.95
4928565,28,3,6.81,20.43
5020913,17,3,8.12,24.36
5020913,21,4,3.42,13.68
5020913,27,3,3.98,11.94
5127472,1,1,3.26,3.26
5127472,5,5,0.79,3.95
5127472,13,4,1.21,4.84
5127472,36,3,1.84,5.52
5194321,2,4,8.50,34.00
5194321,6,1,7.30,7.30
5194321,8,4,5.13,20.52
5284501,1,5,3.26,16.30
5284501,14,4,6.94,27.76
5338358,1,3,3.26,9.78
5338358,22,3,1.50,4.50
5338358,23,2,9.05,18.10
5359316,18,3,6.95,20.85
5359316,32,3,0.99,2.97
5429378,1,5,3.26,16.30
5429378,23,4,9.05,36.20
5429378,33,5,1.03,5.15
5429378,35,2,9.07,18.14
5555482,16,1,8.33,8.33
5713428,5,2,0.79,1.58
5713428,6,4,7.30,29.20
5713428,11,4,5.99,23.96
5713428,15,5,5.26,26.30
5713428,25,5,4.99,24.95
5902631,26,5,6.39,31.95
6073895,12,4,0.60,2.40
6073895,17,1,8.12,8.12
6073895,19,5,1.65,8.25
6073895,22,5,1.50,7.50
6073895,23,4,9.05,36.20
6110766,26,4,6.39,25.56
6220692,12,1,0.60,0.60
6220692,13,1,1.21,1.21
6220692,19,1,1.65,1.65
6379880,9,1,0.84,0.84
6379880,11,2,5.99,11.98
6379880,29,2,3.84,7.68
6379880,31,4,3.36,13.44
6393442,15,3,5.26,15.78
6393442,16,2,8.33,16.66
6401307,2,3,8.50,25.50
6401307,8,5,5.13,25.65
6401307,14,4,6.94,27.76
6401307,20,5,1.77,8.85
6459990,2,5,8.50,42.50
6459990,6,5,7.30,36.50
6459990,31,5,3.36,16.80
6459990,36,3,1.84,5.52
6513404,9,5,0.84,4.20
6533988,10,2,7.64,15.28
6533988,28,4,6.81,27.24
6556761,5,5,0.79,3.95
6556761,13,4,1.21,4.84
6573780,8,4,5.13,20.52
6573780,9,1,0.84,0.84
6573780,10,4,7.64,30.56
6633538,19,1,1.65,1.65
6633538,21,4,3.42,13.68
6651080,26,3,6.39,19.17
6667986,2,4,8.50,34.00
6667986,28,2,6.81,13.62
6667986,32,5,0.99,4.95
6754080,7,1,5.78,5.78
6754080,23,4,9.05,36.20
6754080,28,4,6.81,27.24
6759172,6,3,7.30,21.90
6759172,8,3,5.13,15.39
6759172,22,2,1.50,3.00
6759172,24,4,5.32,21.28
6759172,27,2,3.98,7.96
6759670,11,1,5.99,5.99
6759670,16,3,8.33,24.99
6759670,27,2,3.98,7.96
6759670,32,5,0.99,4.95
6759670,36,5,1.84,9.20
6776231,12,4,0.60,2.40
6776231,23,3,9.05,27.15
6776231,26,3,6.39,19.17
6880172,21,3,3.42,10.26
6880172,23,1,9.05,9.05
6880172,24,2,5.32,10.64
6880172,26,2,6.39,12.78
7282247,11,3,5.99,17.97
7565439,20,4,1.77,7.08
7565439,31,2,3.36,6.72
7565439,36,4,1.84,7.36
7579563,29,4,3.84,15.36
7579563,31,4,3.36,13.44
7579563,32,5,0.99,4.95
7579563,35,1,9.07,9.07
7585423,4,4,3.62,14.48
7585423,5,5,0.79,3.95
7585423,14,5,6.94,34.70
7585423,16,3,8.33,24.99
7585423,20,2,1.77,3.54
7622007,10,3,7.64,22.92
7622007,12,1,0.60,0.60
7622007,13,3,1.21,3.63
7622007,20,5,1.77,8.85
7623864,6,4,7.30,29.20
7623864,19,4,1.65,6.60
7623864,22,5,1.50,7.50
7623864,25,4,4.99,19.96
7688587,34,3,3.99,11.97
7720057,4,3,3.62,10.86
7720057,9,1,0.84,0.84
7720057,12,1,0.60,0.60
7720057,14,3,6.94,20.82
7720057,28,5,6.81,34.05
7732845,4,4,3.62,14.48
7732845,12,4,0.60,2.40
7732845,19,5,1.65,8.25
7732845,33,5,1.03,5.15
7857918,16,2,8.33,16.66
7857918,21,5,3.42,17.10
7857918,24,3,5.32,15.96
7857918,27,3,3.98,11.94
7857918,36,1,1.84,1.84
8021009,2,3,8.50,25.50
8021009,4,1,3.62,3.62
8021009,20,5,1.77,8.85
8021009,25,1,4.99,4.99
8093617,19,4,1.65,6.60
8093617,25,2,4.99,9.98
8093617,33,1,1.03,1.03
8131940,4,1,3.62,3.62
8131940,10,5,7.64,38.20
8131940,11,5,5.99,29.95
8131940,28,3,6.81,20.43
8182051,35,5,9.07,45.35
8241802,8,2,5.13,10.26
8241802,9,5,0.84,4.20
8241802,10,5,7.64,38.20
8241802,34,4,3.99,15.96
8275201,2,1,8.50,8.50
8275201,16,5,8.33,41.65
8275201,21,1,3.42,3.42
8275201,30,4,1.32,5.28
8275201,33,3,1.03,3.09
8287357,13,3,1.21,3.63
8315140,11,5,5.99,29.95
8315140,22,3,1.50,4.50
8419956,1,2,3.26,6.52
8419956,29,5,3.84,19.20
8494802,15,1,5.26,5.26
8494802,28,2,6.81,13.62
8494802,32,4,0.99,3.96
8562646,8,2,5.13,10.26
8562646,29,4,3.84,15.36
8562646,35,3,9.07,27.21
8581467,7,2,5.78,11.56
8581467,9,5,0.84,4.20
8581467,15,1,5.26,5.26
8590080,15,4,5.26,21.04
8590080,26,2,6.39,12.78
8590080,36,4,1.84,7.36
8602397,25,1,4.99,4.99
8602397,34,3,3.99,11.97
8693280,28,1,6.81,6.81
8716835,7,1,5.78,5.78
8716835,20,4,1.77,7.08
8716835,35,2,9.07,18.14
8780025,20,4,1.77,7.08
8847365,24,3,5.32,15.96
8847365,31,3,3.36,10.08
8876754,5,2,0.79,1.58
8876754,18,5,6.95,34.75
9056028,29,5,3.84,19.20
9059106,3,4,6.79,27.16
9059106,10,2,7.64,15.28
9059106,17,4,8.12,32.48
9059106,27,5,3.98,19.90
9064825,29,1,3.84,3.84
9143680,3,4,6.79,27.16
9143680,7,2,5.78,11.56
9389598,25,4,4.99,19.96
9415605,12,2,0.60,1.20
9415605,19,5,1.65,8.25
9415605,21,4,3.42,13.68
9415605,25,4,4.99,19.96
9509768,5,3,0.79,2.37
9509768,9,5,0.84,4.20
9509768,31,2,3.36,6.72
9699646,14,1,6.94,6.94
9699646,16,2,8.33,16.66
9699646,19,1,1.65,1.65
9699646,29,2,3.84,7.68
9699646,31,3,3.36,10.08
9917137,19,4,1.65,6.60
9944721,14,1,6.94,6.94
9969732,14,5,6.94,34.70
9969732,16,2,8.33,16.66
9969732,18,1,6.95,6.95
9969732,24,5,5.32,26.60
9969732,33,4,1.03,4.12
9990179,14,1,6.94,6.94
9999650,5,3,0.79,2.37
9999650,9,3,0.84,2.52
9999650,22,3,1.50,4.50
10046824,14,3,6.94,20.82
10060300,36,2,1.84,3.68
10153266,2,4,8.50,34.00
10153266,3,4,6.79,27.16
10153266,12,3,0.60,1.80
10153266,16,1,8.33,8.33
10153266,30,5,1.32,6.60
10200344,12,1,0.60,0.60
10200344,33,2,1.03,2.06
10200344,35,1,9.07,9.07
10230051,3,4,6.79,27.16
10230051,15,5,5.26,26.30
10230051,18,1,6.95,6.95
10265268,21,3,3.42,10.26
10284971,30,2,1.32,2.64
10284971,34,4,3.99,15.96
10348017,3,3,6.79,20.37
10348017,12,2,0.60,1.20
10377820,5,2,0.79,1.58
10377820,12,3,0.60,1.80
10377820,22,1,1.50,1.50
10377820,30,1,1.32,1.32
10377820,33,3,1.03,3.09
10490651,5,4,0.79,3.16
10490651,14,5,6.94,34.70
10490651,17,4,8.12,32.48
10490651,19,2,1.65,3.30
10490651,25,5,4.99,24.95
10513296,17,3,8.12,24.36
10513296,21,4,3.42,13.68
10596482,2,5,8.50,42.50
10596482,18,1,6.95,6.95
10596482,28,5,6.81,34.05
10596482,32,5,0.99,4.95
10596482,34,2,3.99,7.98
10674268,1,4,3.26,13.04
10674268,10,3,7.64,22.92
10674268,12,2,0.60,1.20
10674268,23,5,9.05,45.25
10674268,33,5,1.03,5.15
10677697,6,3,7.30,21.90
10677697,18,3,6.95,20.85
10677697,28,3,6.81,20.43
10716343,16,2,8.33,16.66
10737768,4,3,3.62,10.86
10737768,9,4,0.84,3.36
10737768,17,1,8.12,8.12
10747213,6,1,7.30,7.30
10747213,10,5,7.64,38.20
10755725,2,5,8.50,42.50
10755725,7,5,5.78,28.90
10755725,9,4,0.84,3.36
10755725,26,5,6.39,31.95
10755725,36,3,1.84,5.52
10780812,2,3,8.50,25.50
10780812,12,5,0.60,3.00
10780812,17,2,8.12,16.24
10780812,18,2,6.95,13.90
10780812,32,1,0.99,0.99
11103344,5,5,0.79,3.95
11225713,35,4,9.07,36.28
11260785,12,3,0.60,1.80
11323285,18,4,6.95,27.80
11323285,20,3,1.77,5.31
11430712,6,1,7.30,7.30
11430712,24,4,5.32,21.28
11442120,12,4,0.60,2.40
11442120,24,5,5.32,26.60
11482387,4,1,3.62,3.62
11482387,6,4,7.30,29.20
11482387,28,2,6.81,13.62
11482387,33,3,1.03,3.09
11522061,9,2,0.84,1.68
11806267,3,4,6.79,27.16
11806267,19,3,1.65,4.95
11806267,28,2,6.81,13.62
11806267,33,3,1.03,3.09
11822811,2,2,8.50,17.00
11822811,29,4,3.84,15.36
11822811,30,5,1.32,6.60
11943604,6,3,7.30,21.90
11960901,23,2,9.05,18.10
12111242,4,4,3.62,14.48
12111242,33,2,1.03,2.06
12251951,6,5,7.30,36.50
12251951,32,1,0.99,0.99
12251951,35,1,9.07,9.07
12318174,5,1,0.79,0.79
12318174,17,2,8.12,16.24
12379408,2,4,8.50,34.00
12379408,23,4,9.05,36.20
12379408,24,5,5.32,26.60
12379408,27,2,3.98,7.96
12379408,36,3,1.84,5.52
12449148,11,2,5.99,11.98
12449148,22,4,1.50,6.00
12449148,25,3,4.99,14.97
12506015,32,5,0.99,4.95
12566017,19,1,1.65,1.65
12566017,25,1,4.99,4.99
12596970,19,3,1.65,4.95
12624706,6,4,7.30,29.20
12624706,11,5,5.99,29.95
12624706,19,4,1.65,6.60
12624706,25,4,4.99,19.96
12624706,26,3,6.39,19.17
12653145,23,5,9.05,45.25
12653145,25,1,4.99,4.99
12653145,26,5,6.39,31.95
12653145,35,2,9.07,18.14
12727716,13,4,1.21,4.84
12727716,16,3,8.33,24.99
12727716,17,5,8.12,40.60
12727716,36,3,1.84,5.52
12911301,7,5,5.78,28.90
12911301,33,2,1.03,2.06
13000894,3,4,6.79,27.16
13000894,13,5,1.21,6.05
13000894,22,3,1.50,4.50
13000894,31,3,3.36,10.08
13016985,7,2,5.78,11.56
13075703,13,3,1.21,3.63
13093649,3,1,6.79,6.79
13093649,24,2,5.32,10.64
13139174,4,5,3.62,18.10
13139174,10,3,7.64,22.92
13139174,15,3,5.26,15.78
13139174,17,3,8.12,24.36
13139174,26,2,6.39,12.78
13164944,3,1,6.79,6.79
13164944,19,2,1.65,3.30
13164944,29,3,3.84,11.52
13314665,3,3,6.79,20.37
13314665,14,1,6.94,6.94
13314665,16,3,8.33,24.99
13314665,20,5,1.77,8.85
13333863,10,1,7.64,7.64
13333863,20,3,1.77,5.31
13333863,28,5,6.81,34.05
13404519,27,3,3.98,11.94
13592320,3,3,6.79,20.37
13592320,11,5,5.99,29.95
13592320,20,5,1.77,8.85
13746571,6,3,7.30,21.90
13746571,8,2,5.13,10.26
13746571,15,5,5.26,26.30
13746571,17,5,8.12,40.60
13781905,23,4,9.05,36.20
13859206,20,3,1.77,5.31
13893699,1,3,3.26,9.78
13949851,13,3,1.21,3.63
13949851,15,1,5.26,5.26
13949851,17,4,8.12,32.48
13949851,18,3,6.95,20.85
14065720,6,3,7.30,21.90
14065720,16,4,8.33,33.32
14065720,21,2,3.42,6.84
14065720,22,5,1.50,7.50
14069711,3,3,6.79,20.37
14069711,10,4,7.64,30.56
14069711,21,3,3.42,10.26
14073933,19,3,1.65,4.95
14113180,13,2,1.21,2.42
14113180,25,5,4.99,24.95
14145176,7,2,5.78,11.56
14159430,14,4,6.94,27.76
14604905,16,5,8.33,41.65
14604905,17,4,8.12,32.48
14604905,29,3,3.84,11.52
14604905,34,4,3.99,15.96
14608309,2,3,8.50,25.50
14757735,5,5,0.79,3.95
14757735,6,2,7.30,14.60
14757735,14,4,6.94,27.76
14757735,34,3,3.99,11.97
14757735,35,1,9.07,9.07
14972462,16,1,8.33,8.33
14972462,21,3,3.42,10.26
14990076,8,2,5.13,10.26
14990076,16,3,8.33,24.99
15009292,16,3,8.33,24.99
15199630,12,5,0.60,3.00
15199630,16,1,8.33,8.33
15199630,19,4,1.65,6.60
15255271,11,4,5.99,23.96
15285978,9,2,0.84,1.68
15285978,10,3,7.64,22.92
15301162,7,1,5.78,5.78
15301162,19,5,1.65,8.25
15303899,12,5,0.60,3.00
15332730,20,1,1.77,1.77
15332730,33,2,1.03,2.06
15380688,9,4,0.84,3.36
15380688,10,5,7.64,38.20
15380688,14,3,6.94,20.82
15380688,26,4,6.39,25.56
15391885,18,2,6.95,13.90
15391885,30,1,1.32,1.32
15480508,8,2,5.13,10.26
15560918,8,2,5.13,10.26
15560918,28,3,6.81,20.43
15560918,36,2,1.84,3.68
15644800,8,1,5.13,5.13
15779420,8,3,5.13,15.39
15779420,33,2,1.03,2.06
15779420,34,3,3.99,11.97
15796347,23,2,9.05,18.10
15796347,27,3,3.98,11.94
15932454,1,2,3.26,6.52
15932454,17,4,8.12,32.48
15932454,19,1,1.65,1.65
15932454,22,1,1.50,1.50
15932454,30,4,1.32,5.28
16055106,19,2,1.65,3.30
16055106,29,5,3.84,19.20
16055106,31,1,3.36,3.36
16091992,1,2,3.26,6.52
16091992,2,2,8.50,17.00
16091992,12,3,0.60,1.80
16091992,17,4,8.12,32.48
16091992,33,5,1.03,5.15
16160042,26,3,6.39,19.17
16173178,3,2,6.79,13.58
16173178,7,3,5.78,17.34
16173178,21,4,3.42,13.68
16173178,28,1,6.81,6.81
16173178,29,1,3.84,3.84
16198195,5,3,0.79,2.37
16198195,15,4,5.26,21.04
16198195,27,1,3.98,3.98
16198195,30,5,1.32,6.60
16198195,32,4,0.99,3.96
16223853,6,4,7.30,29.20
16223853,33,4,1.03,4.12
16223853,34,1,3.99,3.99
16237749,31,5,3.36,16.80
16277341,8,3,5.13,15.39
16277341,16,1,8.33,8.33
16277341,24,4,5.32,21.28
16324723,3,4,6.79,27.16
16324723,16,2,8.33,16.66
16324723,27,1,3.98,3.98
16324723,33,5,1.03,5.15
16339537,14,4,6.94,27.76
16339537,31,3,3.36,10.08
16395309,6,1,7.30,7.30
16395309,31,1,3.36,3.36
16409906,6,3,7.30,21.90
16409906,14,2,6.94,13.88
16409906,27,1,3.98,3.98
16505329,12,5,0.60,3.00
16505329,16,4,8.33,33.32
16505329,35,4,9.07,36.28
16560393,5,2,0.79,1.58
16560393,16,3,8.33,24.99
16605467,4,5,3.62,18.10
16605467,8,4,5.13,20.52
16605467,19,3,1.65,4.95
16605467,22,5,1.50,7.50
16605467,35,3,9.07,27.21
16852565,31,1,3.36,3.36
16852565,34,4,3.99,15.96
16945851,24,2,5.32,10.64
16945851,28,1,6.81,6.81
16963033,20,5,1.77,8.85
16963033,22,5,1.50,7.50
16968787,14,5,6.94,34.70
16968787,18,1,6.95,6.95
16968787,28,1,6.81,6.81
16968787,36,1,1.84,1.84
17005530,21,1,3.42,3.42
17005530,27,3,3.98,11.94
17005530,31,2,3.36,6.72
17026921,23,4,9.05,36.20
17305008,6,1,7.30,7.30
17381078,14,2,6.94,13.88
17424467,16,1,8.33,8.33
17424467,23,1,9.05,9.05
17424467,28,1,6.81,6.81
17424467,36,5,1.84,9.20
17447980,11,3,5.99,17.97
17447980,12,2,0.60,1.20
17447980,18,4,6.95,27.80
17447980,29,5,3.84,19.20
17483292,17,1,8.12,8.12
17498095,17,2,8.12,16.24
17521985,16,1,8.33,8.33
17521985,18,2,6.95,13.90
17521985,21,5,3.42,17.10
17521985,29,5,3.84,19.20
17521985,33,2,1.03,2.06
17574384,1,4,3.26,13.04
17574384,19,5,1.65,8.25
17574384,35,1,9.07,9.07
17665961,20,4,1.77,7.08
17715875,25,4,4.99,19.96
17715875,35,5,9.07,45.35
17920249,11,1,5.99,5.99
17920249,25,4,4.99,19.96
17920249,26,2,6.39,12.78
17999885,2,4,8.50,34.00
17999885,3,4,6.79,27.16
17999885,7,5,5.78,28.90
18030892,9,3,0.84,2.52
18030892,31,5,3.36,16.80
18143173,23,2,9.05,18.10
18143173,26,2,6.39,12.78
18143173,28,4,6.81,27.24
18148197,17,5,8.12,40.60
18148197,22,3,1.50,4.50
18148197,23,5,9.05,45.25
18148197,24,4,5.32,21.28
18148197,31,5,3.36,16.80
18277287,14,4,6.94,27.76
18277287,17,2,8.12,16.24
18277287,36,2,1.84,3.68
18340127,10,2,7.64,15.28
18340127,13,4,1.21,4.84
18340127,34,5,3.99,19.95
18655634,17,2,8.12,16.24
18713253,15,5,5.26,26.30
18713253,16,4,8.33,33.32
18713253,25,3,4.99,14.97
18727482,8,2,5.13,10.26
18727482,31,5,3.36,16.80
18796345,5,3,0.79,2.37
18796345,27,2,3.98,7.96
18796345,28,1,6.81,6.81
18796345,30,1,1.32,1.32
19297835,8,1,5.13,5.13
19436366,1,4,3.26,13.04
19436366,20,3,1.77,5.31
19436366,21,2,3.42,6.84
19436366,29,3,3.84,11.52
19468887,12,5,0.60,3.00
19468887,17,3,8.12,24.36
19468887,20,1,1.77,1.77
19468887,22,5,1.50,7.50
19468887,27,3,3.98,11.94
19771091,1,2,3.26,6.52
19771091,32,1,0.99,0.99
19771091,33,5,1.03,5.15
19771091,36,5,1.84,9.20
19852046,27,1,3.98,3.98
19892581,5,3,0.79,2.37
19905353,19,3,1.65,4.95
19905353,32,1,0.99,0.99
19905353,35,4,9.07,36.28
19938865,14,2,6.94,13.88
19938865,30,4,1.32,5.28
19938865,32,3,0.99,2.97
19938865,36,5,1.84,9.20
20093267,6,2,7.30,14.60
20093267,17,5,8.12,40.60
20093267,31,5,3.36,16.80
20154817,19,1,1.65,1.65
20267483,3,4,6.79,27.16
20267483,28,3,6.81,20.43
20267483,32,2,0.99,1.98
20587353,25,3,4.99,14.97
20672771,2,3,8.50,25.50
20672771,20,2,1.77,3.54
20672771,21,4,3.42,13.68
20672771,33,2,1.03,2.06
20672771,35,2,9.07,18.14
20673964,10,4,7.64,30.56
20673964,24,1,5.32,5.32
20673964,31,3,3.36,10.08
20762046,1,2,3.26,6.52
20762046,8,2,5.13,10.26
20891876,31,2,3.36,6.72
20896452,25,2,4.99,9.98
20957345,10,1,7.64,7.64
20957345,12,4,0.60,2.40
20957345,30,2,1.32,2.64
20957345,34,1,3.99,3.99
20997601,9,1,0.84,0.84
20997601,14,3,6.94,20.82
20997601,22,4,1.50,6.00
20997601,27,1,3.98,3.98
20997601,36,3,1.84,5.52
21002315,15,1,5.26,5.26
21002315,31,5,3.36,16.80
21030435,3,4,6.79,27.16
21030435,24,1,5.32,5.32
21030435,32,5,0.99,4.95
21030435,34,3,3.99,11.97
21030435,35,4,9.07,36.28
21165266,10,1,7.64,7.64
21165266,13,4,1.21,4.84
21165266,18,3,6.95,20.85
21165813,16,5,8.33,41.65
21165813,19,1,1.65,1.65
21165813,24,5,5.32,26.60
21197803,19,2,1.65,3.30
21197803,23,5,9.05,45.25
21197803,31,3,3.36,10.08
21420488,1,4,3.26,13.04
21420488,5,4,0.79,3.16
21420488,24,1,5.32,5.32
21420488,29,5,3.84,19.20
21547476,12,4,0.60,2.40
21547476,19,4,1.65,6.60
21547476,30,1,1.32,1.32
21583297,19,4,1.65,6.60
21624090,5,3,0.79,2.37
21660769,3,1,6.79,6.79
21660769,17,4,8.12,32.48
21660769,18,4,6.95,27.80
21660769,19,5,1.65,8.25
21660769,29,4,3.84,15.36
22127873,3,5,6.79,33.95
22127873,22,2,1.50,3.00
22342320,11,4,5.99,23.96
22342320,15,5,5.26,26.30
22342320,17,5,8.12,40.60
22342320,25,4,4.99,19.96
22428545,16,2,8.33,16.66
22428545,20,5,1.77,8.85
22428545,21,4,3.42,13.68
22446987,6,2,7.30,14.60
22446987,10,4,7.64,30.56
22446987,26,5,6.39,31.95
22448025,2,3,8.50,25.50
22448025,5,1,0.79,0.79
22448025,15,2,5.26,10.52
22448025,29,1,3.84,3.84
22448025,36,4,1.84,7.36
22453533,1,2,3.26,6.52
22453533,2,1,8.50,8.50
22453533,21,1,3.42,3.42
22453533,22,1,1.50,1.50
22453533,29,2,3.84,7.68
22496338,34,5,3.99,19.95
22496338,35,2,9.07,18.14
22750431,1,1,3.26,3.26
22750431,15,5,5.26,26.30
22750431,29,4,3.84,15.36
22766200,1,4,3.26,13.04
22766200,3,1,6.79,6.79
22766200,20,5,1.77,8.85
22766200,22,1,1.50,1.50
22822022,3,5,6.79,33.95
22822022,12,2,0.60,1.20
22822022,13,3,1.21,3.63
22874830,18,2,6.95,13.90
22904453,36,4,1.84,7.36
22905300,35,1,9.07,9.07
22922049,21,4,3.42,13.68
22922049,23,2,9.05,18.10
22933657,1,3,3.26,9.78
22933657,7,5,5.78,28.90
22933657,19,3,1.65,4.95
22933657,25,1,4.99,4.99
22933657,33,4,1.03,4.12
23003135,11,4,5.99,23.96
23003135,18,5,6.95,34.75
23017969,28,1,6.81,6.81
23128316,4,1,3.62,3.62
23128316,8,5,5.13,25.65
23128316,10,5,7.64,38.20
23128316,15,5,5.26,26.30
23128316,20,3,1.77,5.31
23146409,4,3,3.62,10.86
23389372,7,3,5.78,17.34
23389372,15,5,5.26,26.30
23389372,16,2,8.33,16.66
23389372,17,2,8.12,16.24
23407931,18,1,6.95,6.95
23407931,20,5,1.77,8.85
23407931,30,1,1.32,1.32
23407931,31,2,3.36,6.72
23424764,11,4,5.99,23.96
23424764,27,4,3.98,15.92
23533599,7,2,5.78,11.56
23533599,21,3,3.42,10.26
23533599,26,3,6.39,19.17
23583971,1,5,3.26,16.30
23583971,21,4,3.42,13.68
23724471,2,5,8.50,42.50
23724471,34,5,3.99,19.95
23729040,11,4,5.99,23.96
23729040,17,2,8.12,16.24
23729040,21,4,3.42,13.68
23729040,22,2,1.50,3.00
23729040,35,2,9.07,18.14
23756736,2,1,8.50,8.50
23795496,1,1,3.26,3.26
23795496,9,2,0.84,1.68
23795496,26,4,6.39,25.56
23795496,34,5,3.99,19.95
23795496,36,2,1.84,3.68
23817477,7,5,5.78,28.90
23829271,4,4,3.62,14.48
23829271,18,5,6.95,34.75
23829271,25,3,4.99,14.97
23829271,30,3,1.32,3.96
23903515,1,4,3.26,13.04
23903515,3,2,6.79,13.58
23903515,10,2,7.64,15.28
23903515,28,4,6.81,27.24
23909553,2,1,8.50,8.50
23909553,14,5,6.94,34.70
23909553,15,3,5.26,15.78
23909553,18,1,6.95,6.95
23909553,33,2,1.03,2.06
23965791,22,3,1.50,4.50
23965791,29,1,3.84,3.84
24072113,7,2,5.78,11.56
24072113,10,5,7.64,38.20
24072113,22,2,1.50,3.00
24072113,26,1,6.39,6.39
24168766,11,2,5.99,11.98
24168766,19,1,1.65,1.65
24168766,34,4,3.99,15.96
24217821,13,2,1.21,2.42
24217821,14,4,6.94,27.76
24367203,16,5,8.33,41.65
24367203,21,2,3.42,6.84
24367203,30,3,1.32,3.96
24453000,16,4,8.33,33.32
24478755,9,2,0.84,1.68
24478755,13,5,1.21,6.05
24478755,26,2,6.39,12.78
24478755,27,1,3.98,3.98
24478755,32,5,0.99,4.95
24537935,30,5,1.32,6.60
24616573,33,1,1.03,1.03
24663684,24,5,5.32,26.60
24663684,27,4,3.98,15.92
24696855,27,4,3.98,15.92
24723566,7,1,5.78,5.78
24723566,13,2,1.21,2.42
24723566,24,2,5.32,10.64
24755363,17,2,8.12,16.24
24761731,34,5,3.99,19.95
24791127,4,2,3.62,7.24
24873628,10,1,7.64,7.64
24873628,26,2,6.39,12.78
24873628,28,4,6.81,27.24
24873628,32,4,0.99,3.96
24985408,9,2,0.84,1.68
24985408,23,3,9.05,27.15
25013230,14,4,6.94,27.76
25013230,19,1,1.65,1.65
25200687,32,2,0.99,1.98
25219334,23,3,9.05,27.15
25232991,16,5,8.33,41.65
25349670,23,4,9.05,36.20
25349670,31,5,3.36,16.80
25585485,10,5,7.64,38.20
25585485,24,2,5.32,10.64
25585485,25,3,4.99,14.97
25664082,16,4,8.33,33.32
25664082,20,4,1.77,7.08
25664082,35,2,9.07,18.14
25761027,13,3,1.21,3.63
25761027,16,3,8.33,24.99
25761027,25,1,4.99,4.99
25761027,32,4,0.99,3.96
25761027,36,2,1.84,3.68
25845827,1,1,3.26,3.26
25845827,27,3,3.98,11.94
25845827,31,2,3.36,6.72
25845827,36,4,1.84,7.36
25882561,1,2,3.26,6.52
25882561,36,5,1.84,9.20
26119110,7,3,5.78,17.34
26119110,12,3,0.60,1.80
26119110,25,4,4.99,19.96
26119110,31,5,3.36,16.80
26119110,36,3,1.84,5.52
26202028,1,1,3.26,3.26
26202028,3,5,6.79,33.95
26202028,4,4,3.62,14.48
26202028,10,2,7.64,15.28
26202028,13,5,1.21,6.05
26242938,4,3,3.62,10.86
26242938,15,2,5.26,10.52
26242938,32,1,0.99,0.99
26280678,9,4,0.84,3.36
26280678,20,2,1.77,3.54
26280678,24,4,5.32,21.28
26280678,27,4,3.98,15.92
26280678,33,4,1.03,4.12
26314094,16,3,8.33,24.99
26338824,9,2,0.84,1.68
26338824,14,2,6.94,13.88
26350877,29,3,3.84,11.52
26446409,29,1,3.84,3.84
26495858,3,5,6.79,33.95
26495858,30,2,1.32,2.64
26495858,34,1,3.99,3.99
26614499,25,3,4.99,14.97
26637219,15,2,5.26,10.52
26736219,3,2,6.79,13.58
26736219,19,5,1.65,8.25
26791175,6,1,7.30,7.30
26791175,7,2,5.78,11.56
26791175,8,2,5.13,10.26
26791175,11,3,5.99,17.97
26791175,29,2,3.84,7.68
26804650,3,1,6.79,6.79
26804650,27,5,3.98,19.90
26804650,33,5,1.03,5.15
26804650,35,4,9.07,36.28
26878173,31,1,3.36,3.36
26883513,8,4,5.13,20.52
26883513,26,1,6.39,6.39
26980715,16,4,8.33,33.32
26980715,23,5,9.05,45.25
26980715,25,1,4.99,4.99
26980715,36,5,1.84,9.20
27130000,6,1,7.30,7.30
27130000,10,3,7.64,22.92
27130000,22,3,1.50,4.50
27130000,24,1,5.32,5.32
27283960,16,1,8.33,8.33
27283960,30,2,1.32,2.64
27375450,2,1,8.50,8.50
27375450,5,2,0.79,1.58
27375450,21,3,3.42,10.26
27499338,2,1,8.50,8.50
27499338,19,5,1.65,8.25
27499338,26,2,6.39,12.78
27499338,30,2,1.32,2.64
27513604,4,2,3.62,7.24
27513604,16,2,8.33,16.66
27513604,17,5,8.12,40.60
27513604,18,5,6.95,34.75
27513604,22,3,1.50,4.50
27665263,20,4,1.77,7.08
27741706,7,1,5.78,5.78
27741706,23,1,9.05,9.05
27810900,30,2,1.32,2.64
27810900,34,3,3.99,11.97
28092137,16,3,8.33,24.99
28092137,17,1,8.12,8.12
28092137,21,1,3.42,3.42
28092137,23,5,9.05,45.25
28095085,3,4,6.79,27.16
28095085,7,5,5.78,28.90
28095085,27,1,3.98,3.98
28192477,7,5,5.78,28.90
28192477,10,1,7.64,7.64
28192477,18,4,6.95,27.80
28336754,11,1,5.99,5.99
28336754,22,1,1.50,1.50
28336754,33,4,1.03,4.12
28336754,36,4,1.84,7.36
28346366,12,2,0.60,1.20
28346366,15,2,5.26,10.52
28346366,20,4,1.77,7.08
28346366,30,4,1.32,5.28
28346366,32,4,0.99,3.96
28413922,18,5,6.95,34.75
28420943,12,1,0.60,0.60
28436408,9,5,0.84,4.20
28436408,11,4,5.99,23.96
28436408,36,4,1.84,7.36
28517241,3,2,6.79,13.58
28517241,8,2,5.13,10.26
28517241,32,4,0.99,3.96
28527540,2,4,8.50,34.00
28527540,16,3,8.33,24.99
28580781,3,1,6.79,6.79
28580781,14,3,6.94,20.82
28580781,22,1,1.50,1.50
28580781,33,4,1.03,4.12
28580781,36,2,1.84,3.68
28599736,6,3,7.30,21.90
28599736,22,1,1.50,1.50
28599736,23,5,9.05,45.25
28599736,34,5,3.99,19.95
28694784,16,5,8.33,41.65
28694784,23,4,9.05,36.20
28694784,24,5,5.32,26.60
28694784,33,3,1.03,3.09
28695373,10,5,7.64,38.20
28695373,13,3,1.21,3.63
28695373,23,5,9.05,45.25
28695373,29,5,3.84,19.20
28719542,21,1,3.42,3.42
28719542,28,1,6.81,6.81
28792998,2,3,8.50,25.50
28792998,16,3,8.33,24.99
28792998,22,5,1.50,7.50
28792998,25,5,4.99,24.95
28792998,33,3,1.03,3.09
28811336,1,4,3.26,13.04
28811336,9,3,0.84,2.52
28811336,14,4,6.94,27.76
28811336,22,4,1.50,6.00
28811336,33,4,1.03,4.12
28812462,9,4,0.84,3.36
28839561,5,4,0.79,3.16
28841306,2,2,8.50,17.00
28841306,15,5,5.26,26.30
28841306,16,3,8.33,24.99
28841306,23,2,9.05,18.10
28841306,31,1,3.36,3.36
28957431,10,5,7.64,38.20
28957431,15,2,5.26,10.52
28957431,18,1,6.95,6.95
28957431,21,2,3.42,6.84
28980723,28,2,6.81,13.62
28980723,29,1,3.84,3.84
28980723,33,4,1.03,4.12
29105054,34,3,3.99,11.97
29125699,23,1,9.05,9.05
29125699,26,3,6.39,19.17
29147022,1,5,3.26,16.30
29147022,6,2,7.30,14.60
29147022,7,2,5.78,11.56
29147022,16,1,8.33,8.33
29173057,7,5,5.78,28.90
29173057,14,1,6.94,6.94
29173057,24,4,5.32,21.28
29173057,32,5,0.99,4.95
29225605,11,4,5.99,23.96
29225605,15,4,5.26,21.04
29225605,29,3,3.84,11.52
29225605,30,1,1.32,1.32
29284423,11,4,5.99,23.96
29284423,12,5,0.60,3.00
29284423,20,4,1.77,7.08
29284423,22,1,1.50,1.50
29284423,30,5,1.32,6.60
29403187,5,2,0.79,1.58
29403187,27,1,3.98,3.98
29403187,29,2,3.84,7.68
29403187,31,1,3.36,3.36
29403187,32,1,0.99,0.99
29411190,2,5,8.50,42.50
29411190,22,5,1.50,7.50
29411190,23,2,9.05,18.10
29411190,25,4,4.99,19.96
29437035,6,3,7.30,21.90
29437035,7,1,5.78,5.78
29437035,18,2,6.95,13.90
29437035,28,5,6.81,34.05
29457534,8,2,5.13,10.26
29457534,12,1,0.60,0.60
29457534,35,2,9.07,18.14
29670743,26,1,6.39,6.39
29757284,1,5,3.26,16.30
29757284,13,4,1.21,4.84
29757284,14,2,6.94,13.88
29757284,17,4,8.12,32.48
29757284,25,3,4.99,14.97
29921106,4,4,3.62,14.48
29921106,12,2,0.60,1.20
29921106,14,5,6.94,34.70
29921106,26,1,6.39,6.39
29922288,28,1,6.81,6.81
29922288,30,2,1.32,2.64
29922288,35,1,9.07,9.07
30054454,2,3,8.50,25.50
30054454,12,1,0.60,0.60
30054454,17,2,8.12,16.24
30054454,20,5,1.77,8.85
30054454,34,3,3.99,11.97
30296854,1,3,3.26,9.78
30296854,3,5,6.79,33.95
30296854,16,4,8.33,33.32
30296854,20,4,1.77,7.08
30296854,29,3,3.84,11.52
30297739,14,5,6.94,34.70
30297739,17,3,8.12,24.36
30297739,23,2,9.05,18.10
30297739,30,4,1.32,5.28
30297739,36,2,1.84,3.68
30379641,24,1,5.32,5.32
30447400,6,3,7.30,21.90
30565393,8,1,5.13,5.13
30565393,12,1,0.60,0.60
30565393,18,3,6.95,20.85
30565393,21,1,3.42,3.42
30565393,31,4,3.36,13.44
30671919,17,2,8.12,16.24
30671919,26,3,6.39,19.17
30671919,28,4,6.81,27.24
30671919,30,2,1.32,2.64
30820196,13,5,1.21,6.05
30820196,16,1,8.33,8.33
30820196,19,1,1.65,1.65
30821435,7,3,5.78,17.34
30821435,13,1,1.21,1.21
30821435,15,4,5.26,21.04
30821435,31,5,3.36,16.80
30821435,35,1,9.07,9.07
30855028,1,3,3.26,9.78
30855028,2,5,8.50,42.50
30855028,22,5,1.50,7.50
30855028,27,4,3.98,15.92
30903864,4,3,3.62,10.86
31022137,2,5,8.50,42.50
31022137,5,2,0.79,1.58
31022137,22,3,1.50,4.50
31022137,26,3,6.39,19.17
31022137,34,1,3.99,3.99
31060904,7,2,5.78,11.56
31060904,20,4,1.77,7.08
31060904,26,5,6.39,31.95
31060904,32,5,0.99,4.95
31146898,3,3,6.79,20.37
31146898,14,4,6.94,27.76
31146898,26,4,6.39,25.56
31146898,30,2,1.32,2.64
31146898,32,2,0.99,1.98
31193362,2,5,8.50,42.50
31193362,3,4,6.79,27.16
31193362,19,3,1.65,4.95
31193362,32,1,0.99,0.99
31246439,8,5,5.13,25.65
31246439,24,1,5.32,5.32
31246439,35,2,9.07,18.14
31272110,11,2,5.99,11.98
31272110,24,1,5.32,5.32
31527616,5,5,0.79,3.95
31527616,35,5,9.07,45.35
31527616,36,2,1.84,3.68
31645295,13,3,1.21,3.63
31645295,25,3,4.99,14.97
31645295,28,3,6.81,20.43
31645295,31,3,3.36,10.08
31716550,4,1,3.62,3.62
31716550,7,5,5.78,28.90
31716550,20,1,1.77,1.77
31716550,28,5,6.81,34.05
31716550,35,1,9.07,9.07
31721710,9,1,0.84,0.84
31721710,14,2,6.94,13.88
31721710,16,4,8.33,33.32
31721710,30,3,1.32,3.96
31736124,8,2,5.13,10.26
31736124,10,4,7.64,30.56
31736124,28,4,6.81,27.24
31919054,8,1,5.13,5.13
31919054,25,4,4.99,19.96
31919054,30,2,1.32,2.64
31983387,13,1,1.21,1.21
31983387,23,5,9.05,45.25
31983387,26,3,6.39,19.17
31983387,36,2,1.84,3.68
32225184,2,1,8.50,8.50
32225184,8,5,5.13,25.65
32306475,4,4,3.62,14.48
32306475,19,2,1.65,3.30
32306475,24,3,5.32,15.96
32386055,4,5,3.62,18.10
32386055,5,5,0.79,3.95
32386055,18,5,6.95,34.75
32386055,32,1,0.99,0.99
32386055,36,4,1.84,7.36
32390479,3,5,6.79,33.95
32393520,1,4,3.26,13.04
32393520,4,1,3.62,3.62
32393520,5,3,0.79,2.37
32412746,2,4,8.50,34.00
32412746,29,3,3.84,11.52
32643498,11,2,5.99,11.98
32643498,15,4,5.26,21.04
32643498,24,3,5.32,15.96
32643498,34,3,3.99,11.97
32673598,12,4,0.60,2.40
32673598,20,1,1.77,1.77
32678736,8,2,5.13,10.26
32678736,11,5,5.99,29.95
32678736,21,3,3.42,10.26
32678736,26,3,6.39,19.17
32717400,8,5,5.13,25.65
32717400,23,2,9.05,18.10
32717400,33,3,1.03,3.09
32884992,3,3,6.79,20.37
32897062,14,4,6.94,27.76
32897062,31,3,3.36,10.08
32897062,33,1,1.03,1.03
32981211,22,4,1.50,6.00
32981211,32,5,0.99,4.95
33012248,24,4,5.32,21.28
33012248,35,3,9.07,27.21
33102289,1,4,3.26,13.04
33102289,28,1,6.81,6.81
33102289,33,4,1.03,4.12
33127502,7,1,5.78,5.78
33127502,9,5,0.84,4.20
33127502,24,5,5.32,26.60
33127502,28,3,6.81,20.43
33127502,32,4,0.99,3.96
33138234,24,3,5.32,15.96
33138234,30,5,1.32,6.60
33392085,1,5,3.26,16.30
33392085,9,5,0.84,4.20
33392085,15,2,5.26,10.52
33413177,3,5,6.79,33.95
33413177,7,1,5.78,5.78
33413177,12,2,0.60,1.20
33496312,4,2,3.62,7.24
33496312,9,5,0.84,4.20
33496312,14,5,6.94,34.70
33496312,25,2,4.99,9.98
33567476,1,1,3.26,3.26
33567476,14,4,6.94,27.76
33567476,23,1,9.05,9.05
33567476,34,1,3.99,3.99
33615007,31,1,3.36,3.36
33676580,28,4,6.81,27.24
33676580,30,1,1.32,1.32
33869298,4,2,3.62,7.24
33869298,9,3,0.84,2.52
33869298,13,1,1.21,1.21
33869298,15,3,5.26,15.78
33869298,16,4,8.33,33.32
33906324,11,5,5.99,29.95
33962092,6,1,7.30,7.30
33962092,10,2,7.64,15.28
33962092,18,2,6.95,13.90
33962092,34,1,3.99,3.99
34042946,7,1,5.78,5.78
34105379,7,1,5.78,5.78
34105379,8,4,5.13,20.52
34105379,12,3,0.60,1.80
34105379,26,1,6.39,6.39
34121305,1,2,3.26,6.52
34121305,30,3,1.32,3.96
34121305,34,3,3.99,11.97
34136863,13,1,1.21,1.21
34136863,29,3,3.84,11.52
34136863,36,3,1.84,5.52
34240424,20,2,1.77,3.54
34257683,21,2,3.42,6.84
34257683,33,4,1.03,4.12
34352499,28,3,6.81,20.43
34352499,32,5,0.99,4.95
34370860,16,4,8.33,33.32
34370860,24,5,5.32,26.60
34370860,34,4,3.99,15.96
34484706,19,4,1.65,6.60
34484706,22,2,1.50,3.00
34484706,28,5,6.81,34.05
34602515,5,5,0.79,3.95
34602515,16,4,8.33,33.32
34602515,29,5,3.84,19.20
34602515,31,5,3.36,16.80
34606633,18,2,6.95,13.90
34606633,27,3,3.98,11.94
34606633,32,4,0.99,3.96
34610947,25,3,4.99,14.97
34645633,8,5,5.13,25.65
34645633,23,3,9.05,27.15
34645633,32,2,0.99,1.98
34645633,35,1,9.07,9.07
34666629,21,5,3.42,17.10
34669518,17,3,8.12,24.36
34715633,14,2,6.94,13.88
34715633,19,4,1.65,6.60
34715633,31,1,3.36,3.36
34715633,32,1,0.99,0.99
34715633,35,1,9.07,9.07
34835717,1,3,3.26,9.78
34835717,12,4,0.60,2.40
34835717,13,4,1.21,4.84
34835717,16,2,8.33,16.66
34835717,23,3,9.05,27.15
34875776,3,4,6.79,27.16
34875776,17,1,8.12,8.12
34875776,18,1,6.95,6.95
34875776,19,2,1.65,3.30
35042370,15,2,5.26,10.52
35277151,30,3,1.32,3.96
35357647,9,4,0.84,3.36
35357647,33,1,1.03,1.03
35407645,2,2,8.50,17.00
35424740,5,1,0.79,0.79
35424740,7,1,5.78,5.78
35424740,10,2,7.64,15.28
35424740,22,2,1.50,3.00
35556160,29,2,3.84,7.68
35556160,35,2,9.07,18.14
35748324,2,2,8.50,17.00
35748324,13,3,1.21,3.63
35748324,21,3,3.42,10.26
35748324,28,5,6.81,34.05
35748324,30,3,1.32,3.96
35838623,13,3,1.21,3.63
35848597,4,4,3.62,14.48
35848597,9,2,0.84,1.68
35888042,3,4,6.79,27.16
35888042,14,2,6.94,13.88
35888042,29,1,3.84,3.84
35888042,35,3,9.07,27.21
35920817,8,5,5.13,25.65
35920817,9,3,0.84,2.52
35920817,28,2,6.81,13.62
35920817,29,3,3.84,11.52
35936974,19,2,1.65,3.30
35936974,27,4,3.98,15.92
35942643,6,2,7.30,14.60
35985366,3,4,6.79,27.16
35985366,4,5,3.62,18.10
35985366,8,1,5.13,5.13
35985366,26,5,6.39,31.95
35985366,28,5,6.81,34.05
36139271,2,1,8.50,8.50
36139271,6,4,7.30,29.20
36139271,14,1,6.94,6.94
36139271,18,4,6.95,27.80
36139271,22,5,1.50,7.50
36174794,26,3,6.39,19.17
36174794,30,2,1.32,2.64
36214438,15,4,5.26,21.04
36214438,28,1,6.81,6.81
36214438,32,4,0.99,3.96
36295645,34,4,3.99,15.96
36304806,2,1,8.50,8.50
36304806,4,3,3.62,10.86
36304806,22,5,1.50,7.50
36304806,29,5,3.84,19.20
36379060,8,5,5.13,25.65
36379060,14,3,6.94,20.82
36379060,22,3,1.50,4.50
36379060,31,4,3.36,13.44
36379060,36,1,1.84,1.84
36458483,19,4,1.65,6.60
36458483,35,4,9.07,36.28
36462030,33,3,1.03,3.09
36520410,26,1,6.39,6.39
36594886,21,5,3.42,17.10
36594886,28,5,6.81,34.05
36594886,33,4,1.03,4.12
36621556,20,1,1.77,1.77
36621556,35,2,9.07,18.14
36691625,2,2,8.50,17.00
36691625,5,5,0.79,3.95
36691625,21,2,3.42,6.84
36691625,24,2,5.32,10.64
36855593,1,5,3.26,16.30
36855593,3,4,6.79,27.16
36855593,8,3,5.13,15.39
36855593,18,2,6.95,13.90
36935994,7,3,5.78,17.34
36935994,18,1,6.95,6.95
36935994,28,1,6.81,6.81
36935994,35,1,9.07,9.07
36967082,2,3,8.50,25.50
36967082,22,1,1.50,1.50
36989947,13,5,1.21,6.05
36989947,16,2,8.33,16.66
36989947,35,1,9.07,9.07
37075586,4,3,3.62,10.86
37180381,2,3,8.50,25.50
37180381,13,5,1.21,6.05
37200187,9,4,0.84,3.36
37200187,10,3,7.64,22.92
37200187,15,5,5.26,26.30
37201853,24,5,5.32,26.60
37226776,7,3,5.78,17.34
37226776,9,5,0.84,4.20
37226776,15,4,5.26,21.04
37386669,2,3,8.50,25.50
37386669,4,3,3.62,10.86
37386669,15,2,5.26,10.52
37386669,31,2,3.36,6.72
37393039,6,4,7.30,29.20
37393039,7,5,5.78,28.90
37393039,15,4,5.26,21.04
37393039,30,4,1.32,5.28
37521386,17,5,8.12,40.60
37521386,20,1,1.77,1.77
37521386,25,3,4.99,14.97
37538877,2,2,8.50,17.00
37538877,6,4,7.30,29.20
37538877,13,2,1.21,2.42
37538877,33,4,1.03,4.12
37538877,35,3,9.07,27.21
37675134,2,5,8.50,42.50
37675134,4,1,3.62,3.62
37675134,27,5,3.98,19.90
37769800,8,3,5.13,15.39
37817340,4,4,3.62,14.48
37817340,14,4,6.94,27.76
37817340,18,1,6.95,6.95
37912327,1,2,3.26,6.52
37912327,23,2,9.05,18.10
37912327,25,2,4.99,9.98
38112927,14,3,6.94,20.82
38128646,9,3,0.84,2.52
38128646,13,4,1.21,4.84
38128646,22,5,1.50,7.50
38128646,30,3,1.32,3.96
38128646,31,2,3.36,6.72
38190856,17,5,8.12,40.60
38190856,24,1,5.32,5.32
38190856,31,3,3.36,10.08
38242560,6,5,7.30,36.50
38242560,7,1,5.78,5.78
38242560,16,3,8.33,24.99
38242560,26,1,6.39,6.39
38259053,3,1,6.79,6.79
38259053,12,1,0.60,0.60
38259053,23,2,9.05,18.10
38317442,11,3,5.99,17.97
38317442,22,3,1.50,4.50
38317442,36,3,1.84,5.52
38490909,5,1,0.79,0.79
38490909,11,5,5.99,29.95
38490909,32,5,0.99,4.95
38670192,12,4,0.60,2.40
38670192,17,1,8.12,8.12
38670192,28,2,6.81,13.62
38761434,3,1,6.79,6.79
38761434,34,1,3.99,3.99
38843625,17,1,8.12,8.12
38855614,29,5,3.84,19.20
38942204,14,3,6.94,20.82
38942204,16,3,8.33,24.99
38942204,32,1,0.99,0.99
38987070,6,1,7.30,7.30
38987070,16,5,8.33,41.65
38987070,21,1,3.42,3.42
38987070,26,4,6.39,25.56
38987070,36,1,1.84,1.84
39029080,1,4,3.26,13.04
39029080,5,2,0.79,1.58
39029080,19,4,1.65,6.60
39029080,30,2,1.32,2.64
39046043,17,1,8.12,8.12
39127198,16,2,8.33,16.66
39127198,21,1,3.42,3.42
39127198,27,1,3.98,3.98
39149531,7,4,5.78,23.12
39235679,11,1,5.99,5.99
39235679,23,3,9.05,27.15
39235679,24,1,5.32,5.32
39235679,28,5,6.81,34.05
39235679,32,4,0.99,3.96
39354099,11,3,5.99,17.97
39354099,20,4,1.77,7.08
39358087,5,1,0.79,0.79
39358087,34,2,3.99,7.98
39496610,1,3,3.26,9.78
39496610,7,5,5.78,28.90
39496610,11,2,5.99,11.98
39496610,16,5,8.33,41.65
39496610,31,2,3.36,6.72
39606835,6,4,7.30,29.20
39606835,19,4,1.65,6.60
39606835,21,1,3.42,3.42
39606835,33,3,1.03,3.09
39606835,34,1,3.99,3.99
39630222,14,5,6.94,34.70
39630222,30,3,1.32,3.96
39630222,35,5,9.07,45.35
39823189,6,1,7.30,7.30
39823189,7,1,5.78,5.78
39823189,30,1,1.32,1.32
39860713,12,5,0.60,3.00
39860713,13,1,1.21,1.21
39860713,20,3,1.77,5.31
39867157,14,2,6.94,13.88
39867157,36,1,1.84,1.84
39959803,11,4,5.99,23.96
39959803,15,1,5.26,5.26
39959803,17,4,8.12,32.48
39959803,27,4,3.98,15.92
39959803,30,1,1.32,1.32
39984422,5,4,0.79,3.16
39984422,19,2,1.65,3.30
39984422,27,3,3.98,11.94
40157348,17,2,8.12,16.24
40157348,19,2,1.65,3.30
40157348,25,2,4.99,9.98
40251299,21,5,3.42,17.10
40251299,23,3,9.05,27.15
40328755,5,2,0.79,1.58
40395410,14,4,6.94,27.76
40395410,28,5,6.81,34.05
40538300,13,5,1.21,6.05
40538300,19,2,1.65,3.30
40538300,30,3,1.32,3.96
40538300,33,4,1.03,4.12
40628367,4,1,3.62,3.62
40628367,32,2,0.99,1.98
40685477,8,5,5.13,25.65
40685477,10,1,7.64,7.64
40685477,11,1,5.99,5.99
40685477,20,4,1.77,7.08
40746607,11,2,5.99,11.98
40746607,12,5,0.60,3.00
40746607,17,3,8.12,24.36
40746607,27,4,3.98,15.92
40777992,1,2,3.26,6.52
40777992,4,1,3.62,3.62
40777992,13,5,1.21,6.05
40777992,14,4,6.94,27.76
40861911,2,3,8.50,25.50
40899015,7,1,5.78,5.78
40905517,2,3,8.50,25.50
40905517,18,5,6.95,34.75
40905517,30,4,1.32,5.28
40930612,1,4,3.26,13.04
40930612,14,5,6.94,34.70
40930612,36,1,1.84,1.84
40973224,10,1,7.64,7.64
40973224,14,4,6.94,27.76
40973224,22,4,1.50,6.00
40973224,30,2,1.32,2.64
41192912,7,1,5.78,5.78
41192912,13,3,1.21,3.63
41192912,23,5,9.05,45.25
41236613,33,3,1.03,3.09
41327544,9,3,0.84,2.52
41327544,13,3,1.21,3.63
41327544,20,1,1.77,1.77
41476266,5,1,0.79,0.79
41476266,21,4,3.42,13.68
41543724,7,2,5.78,11.56
41543724,14,4,6.94,27.76
41543724,22,4,1.50,6.00
41543724,31,3,3.36,10.08
41576421,29,2,3.84,7.68
41593321,12,1,0.60,0.60
41593321,26,3,6.39,19.17
41628363,16,4,8.33,33.32
41628363,21,1,3.42,3.42
41628363,34,4,3.99,15.96
41703462,1,3,3.26,9.78
41703462,17,5,8.12,40.60
41703462,34,5,3.99,19.95
41703462,35,2,9.07,18.14
41868898,22,3,1.50,4.50
41987860,35,1,9.07,9.07
42033254,32,2,0.99,1.98
42033254,33,1,1.03,1.03
42033254,34,1,3.99,3.99
42033429,20,4,1.77,7.08
42142660,3,1,6.79,6.79
42142660,13,2,1.21,2.42
42142660,20,4,1.77,7.08
42142660,25,3,4.99,14.97
42148868,15,4,5.26,21.04
42284641,19,1,1.65,1.65
42284641,21,3,3.42,10.26
42284641,23,2,9.05,18.10
42288969,4,4,3.62,14.48
42288969,6,4,7.30,29.20
42288969,12,3,0.60,1.80
42288969,13,3,1.21,3.63
42288969,27,1,3.98,3.98
42293422,4,2,3.62,7.24
42293422,6,3,7.30,21.90
42417342,2,2,8.50,17.00
42417342,17,3,8.12,24.36
42417342,21,1,3.42,3.42
42455681,2,5,8.50,42.50
42455681,6,3,7.30,21.90
42455681,10,2,7.64,15.28
42455681,12,4,0.60,2.40
42505804,16,1,8.33,8.33
42505804,25,4,4.99,19.96
42505804,28,1,6.81,6.81
42505804,29,1,3.84,3.84
42505804,33,5,1.03,5.15
42654809,9,1,0.84,0.84
42654809,28,1,6.81,6.81
42666670,2,2,8.50,17.00
42666670,3,2,6.79,13.58
42666670,27,1,3.98,3.98
42738967,12,1,0.60,0.60
42738967,15,4,5.26,21.04
42738967,20,5,1.77,8.85
42760737,2,1,8.50,8.50
42760737,9,4,0.84,3.36
42760737,15,5,5.26,26.30
42760737,16,1,8.33,8.33
42894788,10,1,7.64,7.64
42894788,11,3,5.99,17.97
42894788,20,2,1.77,3.54
42894788,21,5,3.42,17.10
42894788,25,2,4.99,9.98
42933787,3,2,6.79,13.58
42933787,11,1,5.99,5.99
42933787,13,4,1.21,4.84
42933787,31,5,3.36,16.80
43105695,12,4,0.60,2.40
43105695,19,2,1.65,3.30
43266398,22,1,1.50,1.50
43291969,18,1,6.95,6.95
43391951,16,2,8.33,16.66
43449157,3,3,6.79,20.37
43449157,7,2,5.78,11.56
43449157,15,5,5.26,26.30
43449157,28,2,6.81,13.62
43449157,32,1,0.99,0.99
43519603,11,1,5.99,5.99
43519603,21,3,3.42,10.26
43519603,25,2,4.99,9.98
43614573,26,2,6.39,12.78
43727201,1,5,3.26,16.30
43727201,3,2,6.79,13.58
43727201,24,3,5.32,15.96
43727201,29,3,3.84,11.52
43727201,34,2,3.99,7.98
43756919,6,2,7.30,14.60
43756919,15,2,5.26,10.52
43756919,25,5,4.99,24.95
43758157,13,1,1.21,1.21
43758157,18,1,6.95,6.95
43758157,26,2,6.39,12.78
43758157,27,2,3.98,7.96
43782477,3,1,6.79,6.79
43782477,4,5,3.62,18.10
43782477,8,3,5.13,15.39
43812448,2,5,8.50,42.50
43812448,24,5,5.32,26.60
43812448,25,3,4.99,14.97
43812448,31,2,3.36,6.72
43812448,34,2,3.99,7.98
43901147,36,5,1.84,9.20
44235420,1,4,3.26,13.04
44235420,25,3,4.99,14.97
44251511,17,3,8.12,24.36
44251511,21,4,3.42,13.68
44251511,24,2,5.32,10.64
44251511,36,1,1.84,1.84
44304032,3,4,6.79,27.16
44304032,5,5,0.79,3.95
44304032,11,3,5.99,17.97
44399840,13,2,1.21,2.42
44399840,22,3,1.50,4.50
44399840,24,2,5.32,10.64
44399840,30,4,1.32,5.28
44500593,1,2,3.26,6.52
44500593,12,1,0.60,0.60
44500593,13,5,1.21,6.05
44500593,16,3,8.33,24.99
44500593,28,1,6.81,6.81
44501877,34,2,3.99,7.98
44709725,14,5,6.94,34.70
44873206,1,1,3.26,3.26
44873206,6,2,7.30,14.60
44883031,5,3,0.79,2.37
44883031,20,2,1.77,3.54
44883031,34,2,3.99,7.98
44981206,13,5,1.21,6.05
44981206,18,2,6.95,13.90
44981206,33,1,1.03,1.03
44981206,36,5,1.84,9.20
45087373,8,1,5.13,5.13
45087373,9,4,0.84,3.36
45087373,25,2,4.99,9.98
45114263,17,1,8.12,8.12
45114263,33,3,1.03,3.09
45155053,5,5,0.79,3.95
45155053,15,4,5.26,21.04
45251418,3,2,6.79,13.58
45251418,6,2,7.30,14.60
45251418,12,5,0.60,3.00
45251418,24,3,5.32,15.96
45251418,35,4,9.07,36.28
45282368,25,3,4.99,14.97
45321657,30,1,1.32,1.32
45388827,25,2,4.99,9.98
45388827,31,2,3.36,6.72
45388827,35,3,9.07,27.21
45392848,2,2,8.50,17.00
45392848,16,1,8.33,8.33
45392848,28,5,6.81,34.05
45414981,17,4,8.12,32.48
45461910,22,2,1.50,3.00
45461910,27,5,3.98,19.90
45461910,35,5,9.07,45.35
45476950,16,4,8.33,33.32
45476950,30,2,1.32,2.64
45477320,6,3,7.30,21.90
45477320,16,3,8.33,24.99
45477320,23,3,9.05,27.15
45477320,24,3,5.32,15.96
45528727,10,2,7.64,15.28
45528727,16,3,8.33,24.99
45528727,20,5,1.77,8.85
45528727,25,4,4.99,19.96
45535339,9,5,0.84,4.20
45535339,12,5,0.60,3.00
45535339,34,1,3.99,3.99
45647423,16,4,8.33,33.32
45647423,17,2,8.12,16.24
45647423,22,3,1.50,4.50
45647423,33,3,1.03,3.09
45701665,20,4,1.77,7.08
45711022,22,4,1.50,6.00
45749711,4,5,3.62,18.10
45749711,17,3,8.12,24.36
45749711,21,1,3.42,3.42
45749711,31,1,3.36,3.36
45768382,25,4,4.99,19.96
45806642,4,5,3.62,18.10
45806642,11,1,5.99,5.99
45806642,12,1,0.60,0.60
45810882,24,4,5.32,21.28
45863668,6,5,7.30,36.50
45863668,9,5,0.84,4.20
45863668,10,1,7.64,7.64
45863668,21,1,3.42,3.42
45863668,26,4,6.39,25.56
45982168,8,5,5.13,25.65
45982168,17,5,8.12,40.60
45982168,20,1,1.77,1.77
45982168,33,4,1.03,4.12
46010931,10,1,7.64,7.64
46010931,21,5,3.42,17.10
46010931,27,5,3.98,19.90
46010931,35,4,9.07,36.28
46208749,19,1,1.65,1.65
46307960,33,3,1.03,3.09
46315891,3,3,6.79,20.37
46315891,4,4,3.62,14.48
46315891,20,2,1.77,3.54
46330623,3,2,6.79,13.58
46330623,5,5,0.79,3.95
46330623,24,1,5.32,5.32
46330623,34,2,3.99,7.98
46371500,2,4,8.50,34.00
46371500,5,3,0.79,2.37
46371500,13,4,1.21,4.84
46371500,23,3,9.05,27.15
46371500,30,1,1.32,1.32
46396157,14,1,6.94,6.94
46468433,2,3,8.50,25.50
46468433,3,5,6.79,33.95
46468433,11,2,5.99,11.98
46468433,18,3,6.95,20.85
46468433,27,4,3.98,15.92
46547467,21,5,3.42,17.10
46547467,22,2,1.50,3.00
46547467,24,5,5.32,26.60
46555844,19,4,1.65,6.60
46621615,20,1,1.77,1.77
46621615,36,1,1.84,1.84
46655732,16,4,8.33,33.32
46655732,17,2,8.12,16.24
46655732,32,4,0.99,3.96
46655732,33,3,1.03,3.09
46687120,7,3,5.78,17.34
46687120,9,5,0.84,4.20
46687120,16,2,8.33,16.66
46687120,28,2,6.81,13.62
46719007,4,1,3.62,3.62
46719007,8,4,5.13,20.52
46821174,6,4,7.30,29.20
46821174,13,5,1.21,6.05
46821174,17,1,8.12,8.12
46821174,25,2,4.99,9.98
46821174,27,1,3.98,3.98
46851372,1,4,3.26,13.04
46851372,4,2,3.62,7.24
46851372,26,1,6.39,6.39
46851372,33,2,1.03,2.06
46894673,12,2,0.60,1.20
46894673,35,3,9.07,27.21
46945496,3,2,6.79,13.58
46945496,16,5,8.33,41.65
46945496,24,3,5.32,15.96
46945496,28,5,6.81,34.05
46971555,8,4,5.13,20.52
46971555,15,2,5.26,10.52
46982631,8,5,5.13,25.65
46982631,14,5,6.94,34.70
46982631,20,4,1.77,7.08
47050952,10,4,7.64,30.56
47050952,18,5,6.95,34.75
47050952,30,3,1.32,3.96
47080125,13,4,1.21,4.84
47080125,23,1,9.05,9.05
47080125,30,2,1.32,2.64
47086376,24,5,5.32,26.60
47087526,2,5,8.50,42.50
47087526,7,2,5.78,11.56
47097105,3,3,6.79,20.37
47097105,7,3,5.78,17.34
47097105,23,1,9.05,9.05
47409106,14,3,6.94,20.82
47409106,20,1,1.77,1.77
47409106,26,1,6.39,6.39
47409106,29,4,3.84,15.36
47409106,33,2,1.03,2.06
47524868,1,1,3.26,3.26
47524868,2,3,8.50,25.50
47524868,6,3,7.30,21.90
47524868,12,2,0.60,1.20
47524868,14,3,6.94,20.82
47774515,3,4,6.79,27.16
47774515,13,2,1.21,2.42
47774515,14,5,6.94,34.70
47774515,25,3,4.99,14.97
47774515,27,3,3.98,11.94
47873573,11,2,5.99,11.98
47873573,27,2,3.98,7.96
47924419,31,1,3.36,3.36
47924419,32,2,0.99,1.98
47924419,35,4,9.07,36.28
47968459,9,3,0.84,2.52
47968459,18,5,6.95,34.75
48080757,1,2,3.26,6.52
48080757,13,3,1.21,3.63
48080757,19,2,1.65,3.30
48202475,11,1,5.99,5.99
48217167,8,5,5.13,25.65
48217167,20,2,1.77,3.54
48217167,27,4,3.98,15.92
48217167,28,4,6.81,27.24
48270630,7,3,5.78,17.34
48270630,29,4,3.84,15.36
48270630,30,1,1.32,1.32
48270630,33,3,1.03,3.09
48379287,1,4,3.26,13.04
48379287,3,3,6.79,20.37
48379287,16,2,8.33,16.66
48379287,23,4,9.05,36.20
48379287,33,4,1.03,4.12
48382150,1,4,3.26,13.04
48382150,13,5,1.21,6.05
48382150,26,4,6.39,25.56
48421752,4,5,3.62,18.10
48421752,23,3,9.05,27.15
48421752,35,5,9.07,45.35
48532522,4,4,3.62,14.48
48532522,8,5,5.13,25.65
48532522,23,1,9.05,9.05
48532522,32,2,0.99,1.98
48532522,36,1,1.84,1.84
48560967,1,4,3.26,13.04
48560967,10,4,7.64,30.56
48760220,4,2,3.62,7.24
48760220,12,2,0.60,1.20
48760220,20,3,1.77,5.31
48760220,21,3,3.42,10.26
48951061,2,1,8.50,8.50
48951061,11,3,5.99,17.97
48951061,21,3,3.42,10.26
49006785,9,5,0.84,4.20
49006785,21,5,3.42,17.10
49006785,24,3,5.32,15.96
49006785,25,5,4.99,24.95
49006785,31,2,3.36,6.72
49093506,23,4,9.05,36.20
49093506,25,5,4.99,24.95
49138627,9,4,0.84,3.36
49138627,11,1,5.99,5.99
49138627,28,5,6.81,34.05
49138627,33,4,1.03,4.12
49260987,4,4,3.62,14.48
49260987,19,2,1.65,3.30
49296997,12,4,0.60,2.40
49296997,32,1,0.99,0.99
49345038,18,3,6.95,20.85
49345038,26,4,6.39,25.56
49345038,34,2,3.99,7.98
49345038,35,1,9.07,9.07
49372377,15,5,5.26,26.30
49372377,24,1,5.32,5.32
49372377,27,3,3.98,11.94
49372473,6,4,7.30,29.20
49372473,20,2,1.77,3.54
49514132,12,4,0.60,2.40
49514132,16,5,8.33,41.65
49514132,35,4,9.07,36.28
49514132,36,5,1.84,9.20
49587332,31,4,3.36,13.44
49790053,9,4,0.84,3.36
49790053,15,1,5.26,5.26
49790053,19,2,1.65,3.30
49790053,26,5,6.39,31.95
49790053,30,3,1.32,3.96
49854661,12,2,0.60,1.20
49875810,6,3,7.30,21.90
49875810,29,4,3.84,15.36
50089468,19,2,1.65,3.30
50089468,23,2,9.05,18.10
50392174,15,5,5.26,26.30
50512041,10,1,7.64,7.64
50512041,11,1,5.99,5.99
50512041,13,1,1.21,1.21
50512041,15,5,5.26,26.30
50512041,26,5,6.39,31.95
50527306,7,5,5.78,28.90
50544015,1,2,3.26,6.52
50544015,2,5,8.50,42.50
50629344,4,2,3.62,7.24
50629344,30,5,1.32,6.60
50670236,9,4,0.84,3.36
50670236,13,1,1.21,1.21
50677865,17,1,8.12,8.12
50677865,26,1,6.39,6.39
50677865,34,3,3.99,11.97
50677865,36,1,1.84,1.84
50713587,16,3,8.33,24.99
50713587,17,3,8.12,24.36
50769091,9,5,0.84,4.20
50769091,10,2,7.64,15.28
50769091,24,1,5.32,5.32
50942102,5,3,0.79,2.37
50991137,21,1,3.42,3.42
50991137,24,1,5.32,5.32
50991137,29,4,3.84,15.36
50991137,30,2,1.32,2.64
51054674,4,4,3.62,14.48
51054674,12,2,0.60,1.20
51054674,23,3,9.05,27.15
51054674,33,5,1.03,5.15
51164365,29,5,3.84,19.20
51164365,36,3,1.84,5.52
51258910,2,5,8.50,42.50
51258910,6,1,7.30,7.30
51258910,9,3,0.84,2.52
51258910,13,1,1.21,1.21
51258910,18,3,6.95,20.85
51271477,9,3,0.84,2.52
51351306,21,4,3.42,13.68
51456287,4,2,3.62,7.24
51456287,6,5,7.30,36.50
51456287,17,3,8.12,24.36
51456287,19,1,1.65,1.65
51456287,29,1,3.84,3.84
51582765,24,5,5.32,26.60
51582765,34,1,3.99,3.99
51589761,7,5,5.78,28.90
51589761,11,2,5.99,11.98
51725302,15,5,5.26,26.30
51725302,24,3,5.32,15.96
51725302,29,4,3.84,15.36
51746869,12,2,0.60,1.20
51746869,30,3,1.32,3.96
51814378,16,1,8.33,8.33
51814378,17,3,8.12,24.36
51814378,26,1,6.39,6.39
51840355,8,2,5.13,10.26
51840355,15,3,5.26,15.78
51840355,32,3,0.99,2.97
51917671,13,2,1.21,2.42
51936921,20,5,1.77,8.85
51936921,25,2,4.99,9.98
51936921,26,2,6.39,12.78
51960918,10,3,7.64,22.92
51960918,16,5,8.33,41.65
51960918,26,2,6.39,12.78
51960918,30,5,1.32,6.60
51960918,36,2,1.84,3.68
52131228,11,3,5.99,17.97
52131228,23,5,9.05,45.25
52131228,32,2,0.99,1.98
52131228,36,2,1.84,3.68
52486481,23,4,9.05,36.20
52486481,33,5,1.03,5.15
52531809,1,5,3.26,16.30
52531809,20,1,1.77,1.77
52532446,21,1,3.42,3.42
52673038,32,3,0.99,2.97
52967195,28,2,6.81,13.62
53092394,17,2,8.12,16.24
53092394,34,3,3.99,11.97
53193385,2,5,8.50,42.50
53193385,24,4,5.32,21.28
53196662,11,4,5.99,23.96
53196662,16,2,8.33,16.66
53196662,20,3,1.77,5.31
53196662,24,4,5.32,21.28
53196662,36,4,1.84,7.36
53210473,4,2,3.62,7.24
53210473,17,3,8.12,24.36
53210473,34,2,3.99,7.98
53225828,4,4,3.62,14.48
53225828,12,5,0.60,3.00
53225828,13,2,1.21,2.42
53225828,15,2,5.26,10.52
53225828,23,2,9.05,18.10
53410732,8,4,5.13,20.52
53439879,7,5,5.78,28.90
53439879,15,5,5.26,26.30
53439879,18,2,6.95,13.90
53439879,29,4,3.84,15.36
53464247,4,2,3.62,7.24
53464247,6,4,7.30,29.20
53464247,14,4,6.94,27.76
53464247,25,2,4.99,9.98
53754176,2,5,8.50,42.50
53754176,6,3,7.30,21.90
53754176,12,4,0.60,2.40
53754176,23,4,9.05,36.20
53754176,30,1,1.32,1.32
53786295,22,4,1.50,6.00
53842409,16,2,8.33,16.66
53842409,27,2,3.98,7.96
53916409,5,5,0.79,3.95
53916409,34,4,3.99,15.96
53916409,36,1,1.84,1.84
54112142,14,2,6.94,13.88
54112142,34,4,3.99,15.96
54121126,1,1,3.26,3.26
54121126,4,4,3.62,14.48
54121126,13,3,1.21,3.63
54121126,21,5,3.42,17.10
54121126,31,3,3.36,10.08
54305236,24,4,5.32,21.28
54346062,10,2,7.64,15.28
54346062,13,2,1.21,2.42
54346062,17,5,8.12,40.60
54346062,23,1,9.05,9.05
54354216,31,3,3.36,10.08
54354216,32,3,0.99,2.97
54408576,4,4,3.62,14.48
54442394,6,4,7.30,29.20
54442394,21,3,3.42,10.26
54543594,4,3,3.62,10.86
54543594,27,1,3.98,3.98
54713715,14,1,6.94,6.94
54713715,25,2,4.99,9.98
54713715,29,3,3.84,11.52
54713715,30,2,1.32,2.64
54713715,35,3,9.07,27.21
54738848,5,3,0.79,2.37
54738848,8,2,5.13,10.26
54738848,20,3,1.77,5.31
54738848,21,4,3.42,13.68
54738848,35,5,9.07,45.35
54869705,18,5,6.95,34.75
54869705,30,1,1.32,1.32
54987273,28,4,6.81,27.24
55159681,19,2,1.65,3.30
55244141,14,2,6.94,13.88
55443437,1,1,3.26,3.26
55460426,8,4,5.13,20.52
55460426,12,1,0.60,0.60
55460426,13,5,1.21,6.05
55460426,23,2,9.05,18.10
55471759,13,5,1.21,6.05
55471759,27,1,3.98,3.98
55471759,29,5,3.84,19.20
55496510,6,5,7.30,36.50
55496510,11,1,5.99,5.99
55496510,33,2,1.03,2.06
55616441,4,3,3.62,10.86
55616441,9,2,0.84,1.68
55616441,31,5,3.36,16.80
55616441,32,1,0.99,0.99
55727271,2,5,8.50,42.50
55727271,3,4,6.79,27.16
55727271,10,5,7.64,38.20
55727271,20,5,1.77,8.85
55727271,36,1,1.84,1.84
55748096,31,3,3.36,10.08
55833333,32,5,0.99,4.95
56117990,6,2,7.30,14.60
56117990,32,5,0.99,4.95
56119015,27,3,3.98,11.94
56119015,35,1,9.07,9.07
56119015,36,5,1.84,9.20
56149567,18,5,6.95,34.75
56149567,22,2,1.50,3.00
56149567,25,2,4.99,9.98
56149567,30,2,1.32,2.64
56260349,16,4,8.33,33.32
56260349,26,2,6.39,12.78
56260349,30,1,1.32,1.32
56260349,31,3,3.36,10.08
56437117,2,2,8.50,17.00
56437117,5,2,0.79,1.58
56437117,32,3,0.99,2.97
56437117,34,4,3.99,15.96
56461705,3,1,6.79,6.79
56461705,13,4,1.21,4.84
56461705,28,4,6.81,27.24
56461705,32,5,0.99,4.95
56612760,33,1,1.03,1.03
56631832,4,4,3.62,14.48
56631832,13,3,1.21,3.63
56631832,19,2,1.65,3.30
56631832,31,2,3.36,6.72
56636675,2,4,8.50,34.00
56636675,24,1,5.32,5.32
56636675,26,1,6.39,6.39
56647710,5,3,0.79,2.37
56647710,16,5,8.33,41.65
56677601,10,4,7.64,30.56
56677601,12,3,0.60,1.80
56677601,17,4,8.12,32.48
56677601,18,2,6.95,13.90
56707389,2,4,8.50,34.00
56707389,3,4,6.79,27.16
56707389,4,3,3.62,10.86
56707389,12,2,0.60,1.20
56707389,25,3,4.99,14.97
56742668,7,5,5.78,28.90
56742668,10,1,7.64,7.64
56742668,22,5,1.50,7.50
56742668,30,5,1.32,6.60
56759627,9,2,0.84,1.68
56793852,5,5,0.79,3.95
56793852,13,2,1.21,2.42
56793852,20,1,1.77,1.77
56835958,6,1,7.30,7.30
56835958,8,4,5.13,20.52
56835958,14,1,6.94,6.94
56835958,18,3,6.95,20.85
57104005,7,2,5.78,11.56
57104005,18,1,6.95,6.95
57104005,21,4,3.42,13.68
57104005,36,3,1.84,5.52
57137779,8,1,5.13,5.13
57196203,11,4,5.99,23.96
57196203,29,3,3.84,11.52
57326361,4,5,3.62,18.10
57326361,23,4,9.05,36.20
57337731,16,3,8.33,24.99
57337731,26,3,6.39,19.17
57337731,30,3,1.32,3.96
57554621,22,2,1.50,3.00
57554621,25,5,4.99,24.95
57567518,18,3,6.95,20.85
57752002,6,3,7.30,21.90
57758843,9,1,0.84,0.84
57878370,1,4,3.26,13.04
57878370,4,2,3.62,7.24
57878370,6,2,7.30,14.60
57878370,14,5,6.94,34.70
57878370,29,1,3.84,3.84
57968516,3,4,6.79,27.16
57968516,20,4,1.77,7.08
57968516,29,3,3.84,11.52
58058914,15,3,5.26,15.78
58058914,32,4,0.99,3.96
58384156,17,4,8.12,32.48
58384156,23,3,9.05,27.15
58384156,25,3,4.99,14.97
58551916,7,3,5.78,17.34
58551916,10,1,7.64,7.64
58551916,14,2,6.94,13.88
58551916,20,3,1.77,5.31
58685877,17,2,8.12,16.24
58685877,36,3,1.84,5.52
58699596,2,2,8.50,17.00
58716081,30,2,1.32,2.64
58802142,13,3,1.21,3.63
58802142,19,4,1.65,6.60
58886361,5,1,0.79,0.79
58886361,6,3,7.30,21.90
58886361,25,1,4.99,4.99
58907689,24,2,5.32,10.64
58912379,7,5,5.78,28.90
58912379,13,5,1.21,6.05
58912379,17,4,8.12,32.48
58912379,20,5,1.77,8.85
58912379,26,1,6.39,6.39
59012889,18,4,6.95,27.80
59012889,20,3,1.77,5.31
59012889,30,5,1.32,6.60
59042770,3,1,6.79,6.79
59042770,8,4,5.13,20.52
59042770,15,3,5.26,15.78
59042770,20,1,1.77,1.77
59042770,27,2,3.98,7.96
59167310,9,4,0.84,3.36
59167310,20,1,1.77,1.77
59221196,13,4,1.21,4.84
59280320,12,2,0.60,1.20
59280320,27,4,3.98,15.92
59424983,9,5,0.84,4.20
59424983,10,3,7.64,22.92
59424983,14,4,6.94,27.76
59587630,10,4,7.64,30.56
59587630,14,5,6.94,34.70
59587630,18,3,6.95,20.85
59616433,16,3,8.33,24.99
59616433,20,4,1.77,7.08
59775304,9,5,0.84,4.20
59814953,9,5,0.84,4.20
59814953,13,1,1.21,1.21
59814953,21,2,3.42,6.84
60039037,6,5,7.30,36.50
60039037,22,5,1.50,7.50
60168250,2,3,8.50,25.50
60168250,4,1,3.62,3.62
60351421,14,3,6.94,20.82
60351421,18,5,6.95,34.75
60530162,23,2,9.05,18.10
60547122,14,1,6.94,6.94
60547122,30,5,1.32,6.60
60547122,33,3,1.03,3.09
60547122,35,4,9.07,36.28
60687937,25,5,4.99,24.95
61002110,4,3,3.62,10.86
61002110,12,4,0.60,2.40
61002110,22,2,1.50,3.00
61002110,24,2,5.32,10.64
61012925,14,3,6.94,20.82
61064634,3,2,6.79,13.58
61064634,23,4,9.05,36.20
61092410,7,1,5.78,5.78
61092410,9,3,0.84,2.52
61092410,33,4,1.03,4.12
61111864,2,1,8.50,8.50
61111864,3,4,6.79,27.16
61111864,16,4,8.33,33.32
61111864,30,4,1.32,5.28
61111864,36,5,1.84,9.20
61304000,8,2,5.13,10.26
61304000,16,5,8.33,41.65
61304000,35,2,9.07,18.14
61304000,36,4,1.84,7.36
61315122,15,1,5.26,5.26
61315122,19,5,1.65,8.25
61315122,23,2,9.05,18.10
61315122,26,1,6.39,6.39
61315122,31,5,3.36,16.80
61340664,6,5,7.30,36.50
61340664,10,1,7.64,7.64
61340664,16,2,8.33,16.66
61340664,31,3,3.36,10.08
61578756,8,2,5.13,10.26
61578756,19,5,1.65,8.25
61578756,30,2,1.32,2.64
61807216,3,2,6.79,13.58
61807216,14,1,6.94,6.94
61807216,15,4,5.26,21.04
61807216,17,1,8.12,8.12
61807216,21,1,3.42,3.42
61879774,23,4,9.05,36.20
61879774,31,3,3.36,10.08
61906544,1,1,3.26,3.26
62043124,9,4,0.84,3.36
62043124,14,4,6.94,27.76
62043124,17,2,8.12,16.24
62043124,23,1,9.05,9.05
62281634,5,4,0.79,3.16
62281634,7,1,5.78,5.78
62281634,24,1,5.32,5.32
62602055,34,3,3.99,11.97
62763734,9,3,0.84,2.52
62763734,21,1,3.42,3.42
62763734,34,4,3.99,15.96
62763734,35,1,9.07,9.07
62782701,3,2,6.79,13.58
62782701,6,4,7.30,29.20
62782701,27,5,3.98,19.90
62789619,1,5,3.26,16.30
62789619,8,5,5.13,25.65
62789619,12,1,0.60,0.60
62789619,14,5,6.94,34.70
62810476,3,5,6.79,33.95
62810476,7,2,5.78,11.56
62810476,32,5,0.99,4.95
62844318,7,2,5.78,11.56
62844318,11,2,5.99,11.98
62844318,12,2,0.60,1.20
62844318,19,1,1.65,1.65
62844318,20,2,1.77,3.54
62916382,9,2,0.84,1.68
62916382,18,5,6.95,34.75
62916382,19,2,1.65,3.30
62916382,24,1,5.32,5.32
62961682,33,1,1.03,1.03
63048345,14,5,6.94,34.70
63059672,7,3,5.78,17.34
63059672,20,2,1.77,3.54
63059672,22,4,1.50,6.00
63059672,24,1,5.32,5.32
63059672,36,4,1.84,7.36
63101110,8,3,5.13,15.39
63101110,31,3,3.36,10.08
63159517,1,3,3.26,9.78
63159517,4,4,3.62,14.48
63159517,5,2,0.79,1.58
63159517,31,2,3.36,6.72
63217790,25,3,4.99,14.97
63217790,30,1,1.32,1.32
63352679,5,4,0.79,3.16
63352679,16,2,8.33,16.66
63352679,21,3,3.42,10.26
63352679,30,1,1.32,1.32
63452975,33,1,1.03,1.03
63462361,22,2,1.50,3.00
63514713,8,3,5.13,15.39
63514713,13,4,1.21,4.84
63514713,14,5,6.94,34.70
63514713,20,4,1.77,7.08
63514713,25,5,4.99,24.95
63538196,13,4,1.21,4.84
63588162,12,2,0.60,1.20
63588162,13,4,1.21,4.84
63588162,19,5,1.65,8.25
63588162,27,2,3.98,7.96
63588162,28,3,6.81,20.43
63650123,5,2,0.79,1.58
63650123,12,4,0.60,2.40
63650123,28,2,6.81,13.62
63665797,5,3,0.79,2.37
63665797,13,3,1.21,3.63
63665797,15,2,5.26,10.52
63665797,31,1,3.36,3.36
63665797,34,5,3.99,19.95
63727974,2,5,8.50,42.50
63727974,3,3,6.79,20.37
63885364,1,5,3.26,16.30
63885364,25,5,4.99,24.95
63885364,30,3,1.32,3.96
63885364,31,5,3.36,16.80
63885364,35,4,9.07,36.28
63961330,9,2,0.84,1.68
63961330,19,2,1.65,3.30
64105791,4,3,3.62,10.86
64244851,36,4,1.84,7.36
64425378,29,5,3.84,19.20
64435628,15,1,5.26,5.26
64435628,27,4,3.98,15.92
64435628,33,2,1.03,2.06
64662459,33,1,1.03,1.03
64674403,5,5,0.79,3.95
64674403,19,4,1.65,6.60
64772143,22,4,1.50,6.00
64772143,25,3,4.99,14.97
64772143,32,4,0.99,3.96
64772143,35,5,9.07,45.35
64773872,20,5,1.77,8.85
64773872,33,1,1.03,1.03
64797905,17,4,8.12,32.48
64797905,20,1,1.77,1.77
64797905,24,3,5.32,15.96
64797905,31,2,3.36,6.72
64806852,13,5,1.21,6.05
64806852,18,3,6.95,20.85
64806852,20,5,1.77,8.85
64873812,4,4,3.62,14.48
64875801,14,2,6.94,13.88
64908472,6,2,7.30,14.60
64908472,32,2,0.99,1.98
64963761,8,3,5.13,15.39
64963761,12,4,0.60,2.40
64963761,21,2,3.42,6.84
64963761,24,5,5.32,26.60
64963761,29,3,3.84,11.52
65187457,20,1,1.77,1.77
65222408,10,5,7.64,38.20
65222408,19,5,1.65,8.25
65222408,23,5,9.05,45.25
65222408,25,5,4.99,24.95
65222408,34,1,3.99,3.99
65282392,20,1,1.77,1.77
65379252,1,3,3.26,9.78
65379252,8,1,5.13,5.13
65379252,9,2,0.84,1.68
65438497,9,5,0.84,4.20
65438497,12,4,0.60,2.40
65438497,20,5,1.77,8.85
65438497,21,5,3.42,17.10
65438497,34,2,3.99,7.98
65452390,34,3,3.99,11.97
65505823,22,5,1.50,7.50
65650347,5,5,0.79,3.95
65650347,16,3,8.33,24.99
65650347,20,5,1.77,8.85
65650347,35,2,9.07,18.14
65861272,20,1,1.77,1.77
65953670,18,4,6.95,27.80
65991497,11,2,5.99,11.98
65991497,13,1,1.21,1.21
65991497,21,3,3.42,10.26
65991497,28,5,6.81,34.05
66033393,23,5,9.05,45.25
66128912,2,2,8.50,17.00
66128912,8,4,5.13,20.52
66128912,35,2,9.07,18.14
66262594,27,1,3.98,3.98
66262594,29,4,3.84,15.36
66262594,32,3,0.99,2.97
66344946,19,3,1.65,4.95
66344946,28,5,6.81,34.05
66423954,24,2,5.32,10.64
66423954,30,3,1.32,3.96
66572529,17,4,8.12,32.48
66572529,31,5,3.36,16.80
66700149,11,5,5.99,29.95
66700149,25,2,4.99,9.98
66700149,28,3,6.81,20.43
66700149,30,2,1.32,2.64
66700149,34,1,3.99,3.99
66731519,36,2,1.84,3.68
66778343,6,3,7.30,21.90
66778343,21,4,3.42,13.68
66823766,3,4,6.79,27.16
66823766,10,3,7.64,22.92
66823766,32,2,0.99,1.98
66823766,35,1,9.07,9.07
66890017,6,4,7.30,29.20
66890017,17,2,8.12,16.24
66890017,23,5,9.05,45.25
66890017,24,1,5.32,5.32
66984793,5,3,0.79,2.37
66984793,23,3,9.05,27.15
66984793,24,5,5.32,26.60
66984793,32,5,0.99,4.95
66984793,35,5,9.07,45.35
67062133,6,1,7.30,7.30
67062133,18,2,6.95,13.90
67062133,21,2,3.42,6.84
67062133,33,3,1.03,3.09
67105658,14,5,6.94,34.70
67105658,33,4,1.03,4.12
67139300,9,3,0.84,2.52
67139300,17,1,8.12,8.12
67139300,36,4,1.84,7.36
67219637,9,4,0.84,3.36
67219637,10,5,7.64,38.20
67219637,15,1,5.26,5.26
67219637,26,2,6.39,12.78
67343150,11,2,5.99,11.98
67343150,17,1,8.12,8.12
67343150,33,3,1.03,3.09
67405260,8,3,5.13,15.39
67405260,9,5,0.84,4.20
67405260,35,4,9.07,36.28
67435118,5,3,0.79,2.37
67435118,26,2,6.39,12.78
67539051,6,1,7.30,7.30
67539051,14,5,6.94,34.70
67539051,32,3,0.99,2.97
67539051,33,3,1.03,3.09
67694421,22,1,1.50,1.50
67694421,24,2,5.32,10.64
67733907,7,2,5.78,11.56
67917153,10,2,7.64,15.28
67917153,24,5,5.32,26.60
67917153,27,2,3.98,7.96
67917153,36,2,1.84,3.68
68240737,9,5,0.84,4.20
68298299,26,4,6.39,25.56
68322191,8,5,5.13,25.65
68322191,11,3,5.99,17.97
68322191,24,5,5.32,26.60
68577999,1,4,3.26,13.04
68577999,20,1,1.77,1.77
68577999,24,4,5.32,21.28
68577999,35,5,9.07,45.35
68597289,24,3,5.32,15.96
68715421,10,5,7.64,38.20
68715421,32,1,0.99,0.99
68785157,10,2,7.64,15.28
68785157,17,3,8.12,24.36
68785157,34,2,3.99,7.98
68831742,1,1,3.26,3.26
68831742,5,1,0.79,0.79
68831742,12,4,0.60,2.40
68831742,32,4,0.99,3.96
68949422,3,3,6.79,20.37
68949422,5,4,0.79,3.16
68949422,7,1,5.78,5.78
68949422,31,5,3.36,16.80
69001522,13,1,1.21,1.21
69001522,25,5,4.99,24.95
69050606,16,5,8.33,41.65
69050606,30,3,1.32,3.96
69094683,17,5,8.12,40.60
69094683,23,4,9.05,36.20
69094683,24,4,5.32,21.28
69094683,25,3,4.99,14.97
69094683,33,5,1.03,5.15
69172681,7,4,5.78,23.12
69172681,8,1,5.13,5.13
69172681,35,5,9.07,45.35
69173159,7,2,5.78,11.56
69173159,30,5,1.32,6.60
69173159,33,5,1.03,5.15
69195106,12,1,0.60,0.60
69220424,6,5,7.30,36.50
69220424,17,3,8.12,24.36
69220424,22,3,1.50,4.50
69220424,25,3,4.99,14.97
69220424,28,5,6.81,34.05
69344607,10,2,7.64,15.28
69344607,27,2,3.98,7.96
69369114,22,2,1.50,3.00
69369114,28,2,6.81,13.62
69369114,31,3,3.36,10.08
69390826,14,5,6.94,34.70
69390826,16,2,8.33,16.66
69390826,18,3,6.95,20.85
69390826,28,2,6.81,13.62
69499332,14,1,6.94,6.94
69499332,19,5,1.65,8.25
69499332,24,1,5.32,5.32
69556254,3,3,6.79,20.37
69556254,9,4,0.84,3.36
69635928,33,5,1.03,5.15
69635928,36,4,1.84,7.36
69654816,13,3,1.21,3.63
69654816,14,3,6.94,20.82
69654816,16,3,8.33,24.99
69654816,17,2,8.12,16.24
69654816,35,5,9.07,45.35
69668497,6,4,7.30,29.20
69668497,15,5,5.26,26.30
69772148,1,3,3.26,9.78
69772148,9,3,0.84,2.52
69772148,35,5,9.07,45.35
69830336,4,4,3.62,14.48
69830336,8,1,5.13,5.13
69830336,18,1,6.95,6.95
69830336,28,3,6.81,20.43
69830336,34,2,3.99,7.98
69845139,10,5,7.64,38.20
69845139,21,2,3.42,6.84
69845139,30,1,1.32,1.32
69845139,31,1,3.36,3.36
70111121,7,3,5.78,17.34
70111121,8,3,5.13,15.39
70111121,18,4,6.95,27.80
70111121,19,4,1.65,6.60
70111121,26,4,6.39,25.56
70202280,2,2,8.50,17.00
70202280,17,4,8.12,32.48
70202280,21,5,3.42,17.10
70202280,26,4,6.39,25.56
70215351,16,1,8.33,8.33
70215351,17,1,8.12,8.12
70215351,20,1,1.77,1.77
70255147,13,3,1.21,3.63
70255147,25,1,4.99,4.99
70255147,31,4,3.36,13.44
70346001,9,5,0.84,4.20
70346001,19,4,1.65,6.60
70346001,23,5,9.05,45.25
70503141,16,3,8.33,24.99
70503141,30,5,1.32,6.60
70618795,2,4,8.50,34.00
70618795,13,5,1.21,6.05
70618795,16,5,8.33,41.65
70701543,4,4,3.62,14.48
70864342,1,4,3.26,13.04
70864342,2,3,8.50,25.50
70864342,19,2,1.65,3.30
70864342,20,5,1.77,8.85
70864342,22,1,1.50,1.50
70915889,1,5,3.26,16.30
70915889,34,5,3.99,19.95
70932007,1,3,3.26,9.78
70932007,5,5,0.79,3.95
70932007,27,3,3.98,11.94
70932007,34,3,3.99,11.97
70942080,10,1,7.64,7.64
70951750,6,2,7.30,14.60
70951750,22,4,1.50,6.00
71088333,1,5,3.26,16.30
71088333,9,2,0.84,1.68
71088333,15,2,5.26,10.52
71088333,26,3,6.39,19.17
71088333,31,2,3.36,6.72
71154292,1,4,3.26,13.04
71154292,3,5,6.79,33.95
71154292,11,2,5.99,11.98
71154292,12,5,0.60,3.00
71182437,35,3,9.07,27.21
71209819,11,3,5.99,17.97
71209819,17,5,8.12,40.60
71209819,29,5,3.84,19.20
71323493,2,1,8.50,8.50
71323493,8,3,5.13,15.39
71323493,14,2,6.94,13.88
71323493,31,2,3.36,6.72
71351905,19,2,1.65,3.30
71394378,31,2,3.36,6.72
71441432,7,3,5.78,17.34
71441432,30,2,1.32,2.64
71485163,11,4,5.99,23.96
71485163,12,2,0.60,1.20
71485163,18,1,6.95,6.95
71485163,29,1,3.84,3.84
71485163,36,2,1.84,3.68
71552080,2,1,8.50,8.50
71552080,36,1,1.84,1.84
71599058,19,3,1.65,4.95
71599058,29,3,3.84,11.52
71599058,34,1,3.99,3.99
71603842,10,4,7.64,30.56
71603842,22,3,1.50,4.50
71657708,6,5,7.30,36.50
71657708,32,5,0.99,4.95
71725741,1,1,3.26,3.26
71725741,8,1,5.13,5.13
71725741,30,1,1.32,1.32
71753325,18,5,6.95,34.75
71753325,19,1,1.65,1.65
71753325,28,1,6.81,6.81
71753325,33,5,1.03,5.15
71854062,10,4,7.64,30.56
71854062,36,4,1.84,7.36
71931020,29,5,3.84,19.20
71945422,2,3,8.50,25.50
71945422,33,5,1.03,5.15
71945422,36,3,1.84,5.52
71958514,6,2,7.30,14.60
71958514,19,4,1.65,6.60
71958514,25,3,4.99,14.97
71958514,29,2,3.84,7.68
71958514,34,4,3.99,15.96
71972280,6,5,7.30,36.50
71972280,11,2,5.99,11.98
72036564,4,4,3.62,14.48
72036564,15,5,5.26,26.30
72036564,25,3,4.99,14.97
72046599,2,1,8.50,8.50
72046599,32,5,0.99,4.95
72225488,1,4,3.26,13.04
72225488,13,3,1.21,3.63
72225488,18,5,6.95,34.75
72225488,19,2,1.65,3.30
72225488,34,1,3.99,3.99
72528744,7,3,5.78,17.34
72528744,19,2,1.65,3.30
72579518,17,3,8.12,24.36
72579518,26,2,6.39,12.78
72579518,33,5,1.03,5.15
72582060,1,2,3.26,6.52
72582060,12,2,0.60,1.20
72582060,17,3,8.12,24.36
72631113,4,1,3.62,3.62
72631113,12,5,0.60,3.00
72631113,15,3,5.26,15.78
72631113,18,4,6.95,27.80
72631113,25,1,4.99,4.99
72653034,14,5,6.94,34.70
72653034,20,4,1.77,7.08
72889051,11,2,5.99,11.98
72889051,23,2,9.05,18.10
72889051,30,2,1.32,2.64
72946980,17,5,8.12,40.60
72946980,20,4,1.77,7.08
73043415,5,3,0.79,2.37
73043415,19,2,1.65,3.30
73082664,4,3,3.62,10.86
73082664,12,4,0.60,2.40
73082664,22,5,1.50,7.50
73082664,27,3,3.98,11.94
73112798,9,5,0.84,4.20
73112798,22,5,1.50,7.50
73112798,27,1,3.98,3.98
73293388,17,4,8.12,32.48
73385075,19,4,1.65,6.60
73385075,32,1,0.99,0.99
73409092,20,4,1.77,7.08
73409092,22,2,1.50,3.00
73409092,30,4,1.32,5.28
73422193,10,2,7.64,15.28
73426056,11,1,5.99,5.99
73426056,13,4,1.21,4.84
73426056,15,5,5.26,26.30
73426056,23,4,9.05,36.20
73428168,19,5,1.65,8.25
73428168,21,1,3.42,3.42
73428168,24,2,5.32,10.64
73428168,31,2,3.36,6.72
73465023,7,5,5.78,28.90
73465023,32,1,0.99,0.99
73524949,15,3,5.26,15.78
73524949,33,3,1.03,3.09
73646490,19,2,1.65,3.30
73646490,23,2,9.05,18.10
73693130,20,4,1.77,7.08
73693130,22,4,1.50,6.00
73822031,15,2,5.26,10.52
73822031,19,5,1.65,8.25
73898082,11,5,5.99,29.95
73898082,28,3,6.81,20.43
73898082,36,3,1.84,5.52
73943106,36,3,1.84,5.52
74017534,31,2,3.36,6.72
74068289,5,1,0.79,0.79
74123580,36,5,1.84,9.20
74173430,8,5,5.13,25.65
74173430,15,2,5.26,10.52
74173430,22,3,1.50,4.50
74173430,23,4,9.05,36.20
74173430,36,3,1.84,5.52
74265884,6,2,7.30,14.60
74265884,7,4,5.78,23.12
74276016,16,2,8.33,16.66
74276016,20,5,1.77,8.85
74276016,22,1,1.50,1.50
74287129,3,5,6.79,33.95
74287129,10,5,7.64,38.20
74287129,21,4,3.42,13.68
74287129,25,3,4.99,14.97
74287129,31,3,3.36,10.08
74374879,7,2,5.78,11.56
74374879,14,2,6.94,13.88
74400831,17,5,8.12,40.60
74400831,22,3,1.50,4.50
74400831,28,5,6.81,34.05
74534346,12,5,0.60,3.00
74534346,20,1,1.77,1.77
74534346,34,4,3.99,15.96
74534926,6,2,7.30,14.60
74648431,5,3,0.79,2.37
74774137,3,4,6.79,27.16
74774137,16,5,8.33,41.65
74774137,23,2,9.05,18.10
74787439,12,1,0.60,0.60
74798500,8,2,5.13,10.26
74798500,18,4,6.95,27.80
74798500,29,1,3.84,3.84
74911563,33,3,1.03,3.09
75005252,19,3,1.65,4.95
75005252,35,1,9.07,9.07
75254848,15,1,5.26,5.26
75254848,16,3,8.33,24.99
75254848,26,5,6.39,31.95
75254848,36,2,1.84,3.68
75323763,3,3,6.79,20.37
75323763,21,5,3.42,17.10
75323763,31,3,3.36,10.08
75323763,35,5,9.07,45.35
75401871,22,2,1.50,3.00
75401871,34,5,3.99,19.95
75404321,1,1,3.26,3.26
75404321,6,5,7.30,36.50
75404321,19,1,1.65,1.65
75404321,22,1,1.50,1.50
75404321,25,5,4.99,24.95
75411272,8,4,5.13,20.52
75411272,31,4,3.36,13.44
75494525,5,2,0.79,1.58
75494525,16,5,8.33,41.65
75494525,31,2,3.36,6.72
75541398,10,4,7.64,30.56
75541398,17,3,8.12,24.36
75559311,4,2,3.62,7.24
75559311,5,3,0.79,2.37
75559311,15,3,5.26,15.78
75570884,2,2,8.50,17.00
75570884,15,3,5.26,15.78
75570884,30,4,1.32,5.28
75601611,10,3,7.64,22.92
75601611,14,1,6.94,6.94
75601611,17,2,8.12,16.24
75601611,19,4,1.65,6.60
75601611,33,2,1.03,2.06
75837941,1,2,3.26,6.52
75837941,3,3,6.79,20.37
75837941,30,1,1.32,1.32
76010289,20,1,1.77,1.77
76038040,8,2,5.13,10.26
76038040,18,4,6.95,27.80
76038040,22,2,1.50,3.00
76178504,21,1,3.42,3.42
76178504,34,5,3.99,19.95
76202866,14,5,6.94,34.70
76202866,28,2,6.81,13.62
76202866,33,2,1.03,2.06
76276858,3,2,6.79,13.58
76276858,4,5,3.62,18.10
76276858,5,5,0.79,3.95
76276858,28,4,6.81,27.24
76276858,32,1,0.99,0.99
76599371,3,5,6.79,33.95
76599371,17,4,8.12,32.48
76599371,19,1,1.65,1.65
76638834,10,4,7.64,30.56
76638834,15,4,5.26,21.04
77022756,17,4,8.12,32.48
77065526,3,1,6.79,6.79
77065526,29,4,3.84,15.36
77065526,35,2,9.07,18.14
77179810,8,1,5.13,5.13
77179810,16,3,8.33,24.99
77179810,21,5,3.42,17.10
77179810,35,4,9.07,36.28
77215266,14,1,6.94,6.94
77339460,2,2,8.50,17.00
77339460,25,2,4.99,9.98
77339460,27,5,3.98,19.90
77339460,30,3,1.32,3.96
77339460,33,5,1.03,5.15
77383940,13,3,1.21,3.63
77383940,22,4,1.50,6.00
77383940,24,2,5.32,10.64
77383940,30,2,1.32,2.64
77405063,3,4,6.79,27.16
77405063,14,4,6.94,27.76
77405063,24,5,5.32,26.60
77405063,25,5,4.99,24.95
77581019,1,5,3.26,16.30
77581019,10,1,7.64,7.64
77581019,17,3,8.12,24.36
77581019,29,2,3.84,7.68
77581019,33,5,1.03,5.15
77592812,1,2,3.26,6.52
77592812,20,1,1.77,1.77
77592812,26,2,6.39,12.78
77592812,36,4,1.84,7.36
77617241,5,2,0.79,1.58
77617241,9,3,0.84,2.52
77617241,15,2,5.26,10.52
77617241,22,5,1.50,7.50
77678582,33,2,1.03,2.06
77678582,35,4,9.07,36.28
77980269,29,5,3.84,19.20
78053139,1,2,3.26,6.52
78053139,10,5,7.64,38.20
78053139,24,5,5.32,26.60
78155011,11,4,5.99,23.96
78155011,15,1,5.26,5.26
78182722,11,4,5.99,23.96
78182722,32,4,0.99,3.96
78281751,16,2,8.33,16.66
78281751,25,2,4.99,9.98
78281751,26,1,6.39,6.39
78281751,36,3,1.84,5.52
78336926,12,2,0.60,1.20
78515930,1,3,3.26,9.78
78515930,16,4,8.33,33.32
78515930,35,5,9.07,45.35
78543454,13,5,1.21,6.05
78637470,31,2,3.36,6.72
78682042,21,3,3.42,10.26
78682042,36,2,1.84,3.68
78847192,4,2,3.62,7.24
78847192,17,3,8.12,24.36
78847192,26,5,6.39,31.95
78847192,33,4,1.03,4.12
79121566,20,3,1.77,5.31
79310795,5,3,0.79,2.37
79310795,12,1,0.60,0.60
79310795,13,1,1.21,1.21
79310795,16,3,8.33,24.99
79310795,31,1,3.36,3.36
79450125,23,3,9.05,27.15
79550868,8,2,5.13,10.26
79720189,15,4,5.26,21.04
79720189,19,5,1.65,8.25
79734834,8,1,5.13,5.13
79734834,16,4,8.33,33.32
79734834,21,3,3.42,10.26
79863001,15,1,5.26,5.26
79863001,24,5,5.32,26.60
79863001,33,2,1.03,2.06
79888839,5,2,0.79,1.58
79888839,7,4,5.78,23.12
79888839,25,4,4.99,19.96
79906660,21,2,3.42,6.84
79906660,23,5,9.05,45.25
79906660,34,5,3.99,19.95
79937777,2,1,8.50,8.50
79937777,8,3,5.13,15.39
79937777,12,3,0.60,1.80
79937777,33,5,1.03,5.15
79937777,36,5,1.84,9.20
80103031,2,1,8.50,8.50
80103031,21,3,3.42,10.26
80103031,30,5,1.32,6.60
80399671,13,4,1.21,4.84
80399671,26,3,6.39,19.17
80399671,30,3,1.32,3.96
80401368,7,5,5.78,28.90
80401368,30,5,1.32,6.60
80487695,4,4,3.62,14.48
80487695,14,2,6.94,13.88
80487695,24,4,5.32,21.28
80487695,34,4,3.99,15.96
80576621,29,4,3.84,15.36
80576621,35,5,9.07,45.35
80654941,1,2,3.26,6.52
80654941,7,4,5.78,23.12
80654941,15,4,5.26,21.04
80654941,22,2,1.50,3.00
80678812,18,2,6.95,13.90
80678812,32,1,0.99,0.99
80774862,8,5,5.13,25.65
80790452,14,1,6.94,6.94
80790452,19,1,1.65,1.65
80790452,28,5,6.81,34.05
80794178,5,4,0.79,3.16
80794178,19,4,1.65,6.60
80794178,28,4,6.81,27.24
80794178,36,3,1.84,5.52
80900778,19,5,1.65,8.25
80900778,34,4,3.99,15.96
80904061,24,4,5.32,21.28
80904061,36,5,1.84,9.20
81001442,1,5,3.26,16.30
81045570,4,1,3.62,3.62
81045570,10,2,7.64,15.28
81045570,25,5,4.99,24.95
81109670,10,1,7.64,7.64
81109670,25,4,4.99,19.96
81179658,13,1,1.21,1.21
81179658,36,4,1.84,7.36
81303575,2,5,8.50,42.50
81303575,11,1,5.99,5.99
81303575,14,4,6.94,27.76
81303575,17,4,8.12,32.48
81324893,1,3,3.26,9.78
81324893,21,2,3.42,6.84
81324893,28,5,6.81,34.05
81324893,33,1,1.03,1.03
81368237,13,3,1.21,3.63
81373941,5,3,0.79,2.37
81390086,10,3,7.64,22.92
81390086,34,5,3.99,19.95
81415370,2,5,8.50,42.50
81415370,30,5,1.32,6.60
81415370,32,3,0.99,2.97
81569228,6,2,7.30,14.60
81569228,9,2,0.84,1.68
81569228,14,4,6.94,27.76
81569228,26,3,6.39,19.17
81569228,33,1,1.03,1.03
81892312,2,5,8.50,42.50
81892312,5,5,0.79,3.95
81892312,19,1,1.65,1.65
81892312,31,3,3.36,10.08
82109618,11,4,5.99,23.96
82287027,28,1,6.81,6.81
82287027,31,5,3.36,16.80
82407668,30,1,1.32,1.32
82493205,13,5,1.21,6.05
82498205,2,3,8.50,25.50
82498205,8,5,5.13,25.65
82546222,30,5,1.32,6.60
82596765,7,4,5.78,23.12
82596765,18,2,6.95,13.90
82596765,29,4,3.84,15.36
82596765,30,4,1.32,5.28
82725356,6,5,7.30,36.50
82822550,16,5,8.33,41.65
82822550,34,1,3.99,3.99
82823385,14,5,6.94,34.70
82823385,16,5,8.33,41.65
82832805,2,5,8.50,42.50
82832805,20,1,1.77,1.77
82832805,21,1,3.42,3.42
82832805,36,1,1.84,1.84
82877134,3,1,6.79,6.79
82877134,36,3,1.84,5.52
83122312,4,1,3.62,3.62
83122312,10,3,7.64,22.92
83122312,19,5,1.65,8.25
83129967,3,5,6.79,33.95
83129967,9,2,0.84,1.68
83129967,10,2,7.64,15.28
83129967,16,2,8.33,16.66
83129967,24,3,5.32,15.96
83137829,10,2,7.64,15.28
83137829,12,2,0.60,1.20
83137829,15,4,5.26,21.04
83137829,19,1,1.65,1.65
83137829,29,4,3.84,15.36
83402369,17,3,8.12,24.36
83402369,21,4,3.42,13.68
83402369,29,5,3.84,19.20
83402369,30,4,1.32,5.28
83532467,12,1,0.60,0.60
83532467,18,1,6.95,6.95
83532467,23,4,9.05,36.20
83532467,28,2,6.81,13.62
83532467,35,4,9.07,36.28
83666039,14,2,6.94,13.88
83666039,19,2,1.65,3.30
83666039,26,1,6.39,6.39
84161659,3,1,6.79,6.79
84161659,8,1,5.13,5.13
84161659,12,1,0.60,0.60
84161659,16,3,8.33,24.99
84161659,20,5,1.77,8.85
84162496,14,1,6.94,6.94
84162496,21,1,3.42,3.42
84162496,23,1,9.05,9.05
84162496,26,2,6.39,12.78
84162496,28,2,6.81,13.62
84300944,24,3,5.32,15.96
84300944,26,4,6.39,25.56
84300944,32,2,0.99,1.98
84300944,33,1,1.03,1.03
84487211,4,3,3.62,10.86
84487211,13,1,1.21,1.21
84487211,24,5,5.32,26.60
84634454,3,5,6.79,33.95
84634454,6,2,7.30,14.60
84634454,28,2,6.81,13.62
84651190,18,4,6.95,27.80
84651190,32,2,0.99,1.98
84665001,14,5,6.94,34.70
84809351,21,3,3.42,10.26
84847867,18,5,6.95,34.75
84847867,27,2,3.98,7.96
84847867,30,4,1.32,5.28
84854458,13,5,1.21,6.05
84854458,28,3,6.81,20.43
84854458,33,1,1.03,1.03
84873250,1,5,3.26,16.30
84873250,9,3,0.84,2.52
84873250,19,2,1.65,3.30
84873250,34,2,3.99,7.98
84887077,14,1,6.94,6.94
84887077,24,3,5.32,15.96
84887077,28,4,6.81,27.24
85075139,10,2,7.64,15.28
85075139,13,2,1.21,2.42
85075139,14,4,6.94,27.76
85075139,27,3,3.98,11.94
85075139,35,3,9.07,27.21
85079657,28,3,6.81,20.43
85185931,4,4,3.62,14.48
85185931,31,1,3.36,3.36
85429422,3,5,6.79,33.95
85429422,5,3,0.79,2.37
85429422,6,3,7.30,21.90
85429422,29,2,3.84,7.68
85514817,4,5,3.62,18.10
85514817,23,2,9.05,18.10
85514817,29,3,3.84,11.52
85514817,31,2,3.36,6.72
85528949,32,3,0.99,2.97
85720206,33,3,1.03,3.09
85788839,16,1,8.33,8.33
85834630,5,2,0.79,1.58
85834630,33,5,1.03,5.15
85837990,11,4,5.99,23.96
85837990,13,2,1.21,2.42
85837990,19,3,1.65,4.95
85837990,24,3,5.32,15.96
85971610,15,2,5.26,10.52
85971610,26,5,6.39,31.95
86037011,13,1,1.21,1.21
86037011,22,1,1.50,1.50
86135060,29,5,3.84,19.20
86140169,19,4,1.65,6.60
86140169,20,2,1.77,3.54
86236090,3,5,6.79,33.95
86236090,30,1,1.32,1.32
86272281,34,1,3.99,3.99
86272281,36,5,1.84,9.20
86274218,5,5,0.79,3.95
86274218,6,4,7.30,29.20
86274218,9,3,0.84,2.52
86274218,16,4,8.33,33.32
86580447,14,1,6.94,6.94
86580447,16,5,8.33,41.65
86602672,3,4,6.79,27.16
86602672,10,4,7.64,30.56
86602672,21,1,3.42,3.42
86602672,24,3,5.32,15.96
86725937,1,5,3.26,16.30
86725937,4,5,3.62,18.10
86725937,10,1,7.64,7.64
86725937,20,2,1.77,3.54
86725937,33,2,1.03,2.06
86759035,5,4,0.79,3.16
86759035,8,4,5.13,20.52
86871843,5,4,0.79,3.16
86871843,30,2,1.32,2.64
86898680,12,5,0.60,3.00
86898680,14,1,6.94,6.94
86898680,18,2,6.95,13.90
86898680,29,5,3.84,19.20
86898680,31,4,3.36,13.44
86950882,4,1,3.62,3.62
86950882,10,2,7.64,15.28
86950882,19,3,1.65,4.95
86950882,22,1,1.50,1.50
86950882,24,5,5.32,26.60
86952981,3,3,6.79,20.37
87074452,8,2,5.13,10.26
87074452,11,3,5.99,17.97
87074452,12,4,0.60,2.40
87074452,35,2,9.07,18.14
87246439,10,1,7.64,7.64
87246439,13,1,1.21,1.21
87246439,14,1,6.94,6.94
87246439,30,3,1.32,3.96
87246439,36,4,1.84,7.36
87253833,14,1,6.94,6.94
87253833,19,5,1.65,8.25
87253833,21,4,3.42,13.68
87253833,29,1,3.84,3.84
87253833,30,2,1.32,2.64
87736953,7,5,5.78,28.90
87736953,11,3,5.99,17.97
87736953,16,2,8.33,16.66
87736953,29,4,3.84,15.36
87737051,4,4,3.62,14.48
87737051,15,3,5.26,15.78
87849497,12,5,0.60,3.00
87849497,19,2,1.65,3.30
87849497,28,3,6.81,20.43
87849497,33,1,1.03,1.03
87849497,35,1,9.07,9.07
87890612,11,1,5.99,5.99
88220416,4,1,3.62,3.62
88220416,8,3,5.13,15.39
88220416,25,2,4.99,9.98
88220416,28,3,6.81,20.43
88306619,19,5,1.65,8.25
88391965,20,5,1.77,8.85
88391965,26,3,6.39,19.17
88391965,32,1,0.99,0.99
88391965,34,2,3.99,7.98
88417964,29,1,3.84,3.84
88417964,31,1,3.36,3.36
88511468,1,3,3.26,9.78
88511468,6,4,7.30,29.20
88511468,24,3,5.32,15.96
88511468,25,5,4.99,24.95
88511468,27,1,3.98,3.98
88600895,14,5,6.94,34.70
88629980,20,4,1.77,7.08
88629980,23,2,9.05,18.10
88629980,25,4,4.99,19.96
88692822,15,2,5.26,10.52
88692822,23,5,9.05,45.25
88692822,26,3,6.39,19.17
88692822,27,4,3.98,15.92
88692822,30,3,1.32,3.96
88736919,7,1,5.78,5.78
88736919,10,1,7.64,7.64
88736919,13,3,1.21,3.63
88736919,20,3,1.77,5.31
88739864,6,2,7.30,14.60
88739864,10,1,7.64,7.64
88739864,22,1,1.50,1.50
88739864,31,5,3.36,16.80
88964266,7,1,5.78,5.78
88964266,17,3,8.12,24.36
88964266,30,5,1.32,6.60
88964266,34,1,3.99,3.99
88966659,2,2,8.50,17.00
88966659,29,3,3.84,11.52
88988471,14,1,6.94,6.94
88988471,20,5,1.77,8.85
88988471,23,1,9.05,9.05
88988471,36,5,1.84,9.20
88992139,6,4,7.30,29.20
88992139,18,3,6.95,20.85
88992139,26,1,6.39,6.39
88992139,34,2,3.99,7.98
89023791,5,3,0.79,2.37
89023791,18,1,6.95,6.95
89023791,34,4,3.99,15.96
89040251,12,3,0.60,1.80
89040251,19,2,1.65,3.30
89053968,1,5,3.26,16.30
89053968,17,5,8.12,40.60
89053968,20,4,1.77,7.08
89053968,32,3,0.99,2.97
89121887,2,5,8.50,42.50
89181502,3,5,6.79,33.95
89181502,5,1,0.79,0.79
89181502,10,5,7.64,38.20
89181502,21,1,3.42,3.42
89181502,34,2,3.99,7.98
89261823,12,5,0.60,3.00
89261823,17,2,8.12,16.24
89264227,22,1,1.50,1.50
89264227,25,4,4.99,19.96
89264227,30,2,1.32,2.64
89264227,33,3,1.03,3.09
89264227,35,4,9.07,36.28
89295554,18,5,6.95,34.75
89317722,34,1,3.99,3.99
89327825,1,5,3.26,16.30
89327825,4,3,3.62,10.86
89327825,26,1,6.39,6.39
89327825,28,4,6.81,27.24
89327825,32,2,0.99,1.98
89339789,29,1,3.84,3.84
89394742,6,1,7.30,7.30
89394742,7,4,5.78,23.12
89394742,10,1,7.64,7.64
89394847,7,5,5.78,28.90
89394847,16,4,8.33,33.32
89394847,20,3,1.77,5.31
89394847,21,2,3.42,6.84
89394847,24,3,5.32,15.96
89509042,1,3,3.26,9.78
89509042,11,3,5.99,17.97
89509042,35,2,9.07,18.14
89595258,12,4,0.60,2.40
89595258,13,4,1.21,4.84
89595258,25,5,4.99,24.95
89651258,3,3,6.79,20.37
89651258,19,2,1.65,3.30
89651258,27,1,3.98,3.98
89910165,16,2,8.33,16.66
89910165,30,4,1.32,5.28
90160519,1,3,3.26,9.78
90160519,2,5,8.50,42.50
90160519,4,2,3.62,7.24
90160519,13,4,1.21,4.84
90272570,6,1,7.30,7.30
90272570,15,1,5.26,5.26
90272570,21,2,3.42,6.84
90272570,36,3,1.84,5.52
90289601,22,1,1.50,1.50
90550986,15,3,5.26,15.78
90656319,22,3,1.50,4.50
90664257,8,2,5.13,10.26
90664257,35,3,9.07,27.21
90726143,15,1,5.26,5.26
90731006,15,1,5.26,5.26
90731006,18,2,6.95,13.90
90731006,24,1,5.32,5.32
90731006,30,1,1.32,1.32
90731006,32,2,0.99,1.98
90839861,7,5,5.78,28.90
90839861,25,4,4.99,19.96
90909054,8,3,5.13,15.39
90909054,23,5,9.05,45.25
90909054,31,3,3.36,10.08
90909054,34,1,3.99,3.99
90962453,7,1,5.78,5.78
91062291,21,1,3.42,3.42
91062291,27,5,3.98,19.90
91062291,30,2,1.32,2.64
91062291,33,1,1.03,1.03
91075837,11,2,5.99,11.98
91075837,13,3,1.21,3.63
91075837,18,2,6.95,13.90
91075837,21,2,3.42,6.84
91075837,26,3,6.39,19.17
91369657,16,4,8.33,33.32
91369657,27,1,3.98,3.98
91369657,31,1,3.36,3.36
91369657,35,3,9.07,27.21
91373794,9,2,0.84,1.68
91373794,24,3,5.32,15.96
91373794,28,4,6.81,27.24
91373794,32,3,0.99,2.97
91373794,35,2,9.07,18.14
91506957,3,2,6.79,13.58
91506957,27,1,3.98,3.98
91506957,33,2,1.03,2.06
91580693,9,5,0.84,4.20
91580693,20,1,1.77,1.77
91580693,27,4,3.98,15.92
91580693,33,5,1.03,5.15
91699056,4,1,3.62,3.62
92303002,10,1,7.64,7.64
92303002,16,5,8.33,41.65
92303002,24,4,5.32,21.28
92303002,36,3,1.84,5.52
92416404,6,4,7.30,29.20
92416404,13,1,1.21,1.21
92416404,32,2,0.99,1.98
92614071,11,3,5.99,17.97
92614071,19,2,1.65,3.30
92614071,20,5,1.77,8.85
92614071,25,3,4.99,14.97
92614071,27,5,3.98,19.90
92624708,15,4,5.26,21.04
92624708,24,4,5.32,21.28
92624708,33,5,1.03,5.15
92696697,31,4,3.36,13.44
92696697,33,1,1.03,1.03
92716279,1,3,3.26,9.78
92716279,13,5,1.21,6.05
92716279,17,1,8.12,8.12
92829224,14,2,6.94,13.88
92829224,25,5,4.99,24.95
92829224,29,1,3.84,3.84
92829224,32,3,0.99,2.97
92929799,32,5,0.99,4.95
93056365,11,1,5.99,5.99
93056365,18,5,6.95,34.75
93056365,22,2,1.50,3.00
93102451,4,4,3.62,14.48
93102451,18,4,6.95,27.80
93102451,23,1,9.05,9.05
93102451,29,2,3.84,7.68
93102451,36,3,1.84,5.52
93131458,3,5,6.79,33.95
93131458,12,5,0.60,3.00
93131458,14,3,6.94,20.82
93131458,33,3,1.03,3.09
93210456,8,1,5.13,5.13
93210456,28,2,6.81,13.62
93247353,5,1,0.79,0.79
93592372,16,2,8.33,16.66
93592372,22,2,1.50,3.00
93592372,23,5,9.05,45.25
93592372,25,2,4.99,9.98
93705161,28,4,6.81,27.24
93836653,3,3,6.79,20.37
93913219,7,2,5.78,11.56
93913219,24,2,5.32,10.64
93913219,31,5,3.36,16.80
93913219,35,1,9.07,9.07
93926071,2,3,8.50,25.50
94003783,12,3,0.60,1.80
94085946,4,4,3.62,14.48
94085946,8,5,5.13,25.65
94085946,28,3,6.81,20.43
94096010,1,1,3.26,3.26
94096010,4,1,3.62,3.62
94096010,10,5,7.64,38.20
94105259,5,2,0.79,1.58
94105259,29,2,3.84,7.68
94105259,34,2,3.99,7.98
94105259,35,3,9.07,27.21
94137640,9,2,0.84,1.68
94137640,23,1,9.05,9.05
94137640,29,1,3.84,3.84
94171328,5,4,0.79,3.16
94171328,15,3,5.26,15.78
94171328,21,1,3.42,3.42
94171328,25,1,4.99,4.99
94171328,33,4,1.03,4.12
94315277,7,2,5.78,11.56
94315277,12,3,0.60,1.80
94315277,30,3,1.32,3.96
94337624,3,2,6.79,13.58
94337624,7,1,5.78,5.78
94345995,13,2,1.21,2.42
94350655,28,4,6.81,27.24
94367267,7,4,5.78,23.12
94367267,13,5,1.21,6.05
94367267,28,4,6.81,27.24
94367267,35,1,9.07,9.07
94513245,2,5,8.50,42.50
94513245,6,2,7.30,14.60
94513245,9,5,0.84,4.20
94513245,14,1,6.94,6.94
94513245,22,2,1.50,3.00
94585619,19,4,1.65,6.60
94585619,28,4,6.81,27.24
94585619,32,2,0.99,1.98
94585619,33,4,1.03,4.12
94585619,35,2,9.07,18.14
94754368,29,1,3.84,3.84
94836852,10,5,7.64,38.20
94837104,25,2,4.99,9.98
94837104,30,1,1.32,1.32
94853350,9,2,0.84,1.68
94853350,22,2,1.50,3.00
94853350,36,2,1.84,3.68
94860142,25,4,4.99,19.96
94895959,4,4,3.62,14.48
94895959,22,3,1.50,4.50
94895959,26,4,6.39,25.56
94895959,32,4,0.99,3.96
94933146,7,4,5.78,23.12
94933146,18,4,6.95,27.80
94933146,30,1,1.32,1.32
94994106,2,1,8.50,8.50
94994106,9,2,0.84,1.68
94994106,13,2,1.21,2.42
94994106,14,3,6.94,20.82
94994106,18,2,6.95,13.90
95313222,16,3,8.33,24.99
95313222,25,3,4.99,14.97
95313222,36,4,1.84,7.36
95329204,24,4,5.32,21.28
95329204,33,3,1.03,3.09
95329204,34,4,3.99,15.96
95398009,2,4,8.50,34.00
95398009,6,2,7.30,14.60
95398009,30,3,1.32,3.96
95410198,6,1,7.30,7.30
95410198,16,3,8.33,24.99
95410198,18,4,6.95,27.80
95410198,20,2,1.77,3.54
95445057,3,4,6.79,27.16
95501183,31,2,3.36,6.72
95501183,32,2,0.99,1.98
95525678,29,3,3.84,11.52
95525678,33,5,1.03,5.15
95664879,7,2,5.78,11.56
95664879,33,4,1.03,4.12
95673429,15,3,5.26,15.78
95673429,30,1,1.32,1.32
95717800,17,1,8.12,8.12
95748646,3,3,6.79,20.37
95748646,4,2,3.62,7.24
95748646,7,1,5.78,5.78
95748646,30,1,1.32,1.32
95781698,7,2,5.78,11.56
95781698,14,2,6.94,13.88
95781698,16,5,8.33,41.65
95879996,1,3,3.26,9.78
95879996,6,2,7.30,14.60
95879996,9,5,0.84,4.20
95879996,14,2,6.94,13.88
95879996,36,4,1.84,7.36
95967635,2,3,8.50,25.50
95967635,19,3,1.65,4.95
95997023,19,1,1.65,1.65
95997023,21,5,3.42,17.10
95997023,22,3,1.50,4.50
96025931,5,2,0.79,1.58
96025931,14,3,6.94,20.82
96025931,28,3,6.81,20.43
96025931,34,4,3.99,15.96
96032352,15,3,5.26,15.78
96032352,16,2,8.33,16.66
96032352,20,1,1.77,1.77
96032352,27,2,3.98,7.96
96066144,11,5,5.99,29.95
96066144,28,4,6.81,27.24
96066144,29,5,3.84,19.20
96089155,13,3,1.21,3.63
96089155,16,5,8.33,41.65
96089155,29,2,3.84,7.68
96089155,30,1,1.32,1.32
96218928,2,2,8.50,17.00
96218928,5,5,0.79,3.95
96218928,6,1,7.30,7.30
96218928,14,3,6.94,20.82
96324545,2,5,8.50,42.50
96324545,3,5,6.79,33.95
96324545,21,1,3.42,3.42
96341221,1,5,3.26,16.30
96341221,5,2,0.79,1.58
96341221,13,3,1.21,3.63
96341221,25,4,4.99,19.96
96454090,5,3,0.79,2.37
96454090,6,2,7.30,14.60
96454090,17,5,8.12,40.60
96454090,34,1,3.99,3.99
96454090,36,1,1.84,1.84
96464043,33,1,1.03,1.03
96519407,6,2,7.30,14.60
96573260,16,5,8.33,41.65
96626791,4,4,3.62,14.48
96626791,17,4,8.12,32.48
96626791,21,1,3.42,3.42
96626791,23,4,9.05,36.20
96626791,35,5,9.07,45.35
96745679,2,3,8.50,25.50
96745679,32,3,0.99,2.97
96759892,10,5,7.64,38.20
96759892,27,3,3.98,11.94
96759892,28,2,6.81,13.62
96759892,32,2,0.99,1.98
97078236,10,4,7.64,30.56
97078236,28,2,6.81,13.62
97191317,12,2,0.60,1.20
97191317,22,1,1.50,1.50
97191317,35,4,9.07,36.28
97286474,24,4,5.32,21.28
97404686,6,1,7.30,7.30
97404686,9,4,0.84,3.36
97554461,11,5,5.99,29.95
97554461,16,1,8.33,8.33
97554461,17,5,8.12,40.60
97554461,20,2,1.77,3.54
97620517,10,5,7.64,38.20
97620517,32,1,0.99,0.99
97620517,34,3,3.99,11.97
97651699,7,5,5.78,28.90
97653725,17,3,8.12,24.36
97653725,30,5,1.32,6.60
97653725,34,4,3.99,15.96
97653725,36,5,1.84,9.20
97672142,11,2,5.99,11.98
97672142,30,1,1.32,1.32
97672142,34,3,3.99,11.97
97672142,36,4,1.84,7.36
97792520,12,3,0.60,1.80
97792520,16,4,8.33,33.32
97792520,20,3,1.77,5.31
97792520,23,4,9.05,36.20
97792520,34,1,3.99,3.99
97837896,3,3,6.79,20.37
97837896,7,4,5.78,23.12
97837896,35,3,9.07,27.21
97907273,22,5,1.50,7.50
97944322,7,5,5.78,28.90
97963866,7,5,5.78,28.90
97963866,11,2,5.99,11.98
97963866,17,4,8.12,32.48
97963866,20,2,1.77,3.54
98123171,8,2,5.13,10.26
98123171,11,3,5.99,17.97
98123171,32,4,0.99,3.96
98140649,1,3,3.26,9.78
98140649,31,4,3.36,13.44
98194160,2,3,8.50,25.50
98194160,17,4,8.12,32.48
98194160,25,3,4.99,14.97
98194160,29,5,3.84,19.20
98500509,1,1,3.26,3.26
98500509,9,3,0.84,2.52
98500509,35,2,9.07,18.14
98628834,3,5,6.79,33.95
98628834,20,1,1.77,1.77
98648268,19,5,1.65,8.25
98648268,21,3,3.42,10.26
98648268,34,3,3.99,11.97
98656002,7,2,5.78,11.56
98656002,13,1,1.21,1.21
98656002,20,3,1.77,5.31
98656002,25,2,4.99,9.98
98656002,33,5,1.03,5.15
98840213,5,5,0.79,3.95
98840213,13,2,1.21,2.42
98840213,35,4,9.07,36.28
99077730,8,2,5.13,10.26
99077730,24,5,5.32,26.60
99189009,7,1,5.78,5.78
99207052,19,4,1.65,6.60
99207052,31,3,3.36,10.08
99314834,31,4,3.36,13.44
99324652,6,1,7.30,7.30
99324652,10,4,7.64,30.56
99324652,26,3,6.39,19.17
99378890,6,3,7.30,21.90
99378890,9,1,0.84,0.84
99378890,33,1,1.03,1.03
99395003,32,5,0.99,4.95
99473625,8,2,5.13,10.26
99473625,17,5,8.12,40.60
99473625,21,4,3.42,13.68
99473625,32,5,0.99,4.95
99525350,1,4,3.26,13.04
99525350,10,1,7.64,7.64
99525350,21,2,3.42,6.84
99525350,23,3,9.05,27.15
99532395,2,1,8.50,8.50
99532395,36,1,1.84,1.84
99548444,13,2,1.21,2.42
99557021,2,1,8.50,8.50
99639008,24,4,5.32,21.28
99942521,3,4,6.79,27.16
99942521,6,4,7.30,29.20
99942521,19,4,1.65,6.60
99942521,25,1,4.99,4.99
99942521,30,3,1.32,3.96
99964879,14,3,6.94,20.82
99964879,16,2,8.33,16.66
99964879,26,4,6.39,25.56
99964879,35,2,9.07,18.14
99971797,8,1,5.13,5.13
99971797,19,3,1.65,4.95
99971797,31,4,3.36,13.44
99986551,18,2,6.95,13.90
